--------------------------------------------------------
-- XDM database for the examples in 
-- Oracle ADF Enterprise Application Development - Made Simple
-- ISBN 978-1-849681-88-9
-- (c) Sten Vesterli 2011, sten@vesterli.com
-- www.enterpriseadf.com, www.vesterli.com
-- Date       Description
-- ---------- ------------------------------------------
-- 2011-06-06 Initial version
-- 2011-08-07 Added missing contraint statements
-- 2011-10-10 Added missing foreign keys
--------------------------------------------------------
--------------------------------------------------------
--  DDL for Sequence XDM_SEQ
--------------------------------------------------------

   CREATE SEQUENCE  "XDM_SEQ"  MINVALUE 1 MAXVALUE 999999999999999999999999999 INCREMENT BY 1 START WITH 1 NOCACHE  NOORDER  NOCYCLE ;
--------------------------------------------------------
--  DDL for Table XDM_ELEMENTS
--------------------------------------------------------

  CREATE TABLE "XDM_ELEMENTS" 
   (	"ELEM_KEY" VARCHAR2(10 CHAR), 
	"SUPL_ID" NUMBER(12,0), 
	"DESCRIPTION" VARCHAR2(250 CHAR), 
	"MAX_PAX" NUMBER(5,0)
   ) ;
--------------------------------------------------------
--  DDL for Table XDM_PERSONS
--------------------------------------------------------

  CREATE TABLE "XDM_PERSONS" 
   (	"PERS_ID" NUMBER(12,0), 
	"INITIALS" VARCHAR2(5 CHAR), 
	"FIRST_NAME" VARCHAR2(80 CHAR), 
	"LAST_NAME" VARCHAR2(80 CHAR), 
	"PROGRAMME_MANAGER_YN" VARCHAR2(1)
   ) ;
--------------------------------------------------------
--  DDL for Table XDM_PROGRAMMES
--------------------------------------------------------

  CREATE TABLE "XDM_PROGRAMMES" 
   (	"PROG_ID" NUMBER(12,0), 
	"EV_KEY" VARCHAR2(30 CHAR), 
	"NAME" VARCHAR2(250 CHAR), 
	"OWNER" NUMBER(12,0)
   ) ;
--------------------------------------------------------
--  DDL for Table XDM_TASKS
--------------------------------------------------------

  CREATE TABLE "XDM_TASKS" 
   (	"TASK_ID" NUMBER(12,0), 
	"ELEM_KEY" VARCHAR2(10 CHAR), 
	"PROG_ID" NUMBER(12,0), 
	"START_DATE" DATE, 
	"START_WHERE" VARCHAR2(250 CHAR), 
	"TEXT" VARCHAR2(4000), 
	"END_DATE" DATE, 
	"END_WHERE" VARCHAR2(250 CHAR), 
	"PAX" NUMBER(5,0), 
	"REMARKS" VARCHAR2(4000), 
	"FLIGHT_NO" VARCHAR2(250), 
	"PERS_ID" NUMBER(12,0), 
	"CXL_YN" VARCHAR2(1 CHAR) DEFAULT 'N'
   ) ;

--------------------------------------------------------
--  Constraints for Table XDM_ELEMENTS
--------------------------------------------------------

  ALTER TABLE "XDM_ELEMENTS" MODIFY ("ELEM_KEY" NOT NULL ENABLE);
 
  ALTER TABLE "XDM_ELEMENTS" ADD CONSTRAINT "XDM_ELEMENTS_PK" PRIMARY KEY ("ELEM_KEY") ENABLE;

--------------------------------------------------------
--  Constraints for Table XDM_PERSONS
--------------------------------------------------------

  ALTER TABLE "XDM_PERSONS" MODIFY ("INITIALS" NOT NULL ENABLE);
 
  ALTER TABLE "XDM_PERSONS" MODIFY ("PERS_ID" NOT NULL ENABLE);
 
  ALTER TABLE "XDM_PERSONS" ADD CONSTRAINT "XDM_PERSONS_PK" PRIMARY KEY ("PERS_ID") ENABLE;
 
  ALTER TABLE "XDM_PERSONS" ADD CONSTRAINT "XDM_PERS_INITIALS_UK" UNIQUE ("INITIALS") ENABLE;

--------------------------------------------------------
--  Constraints for Table XDM_PROGRAMMES
--------------------------------------------------------

  ALTER TABLE "XDM_PROGRAMMES" MODIFY ("PROG_ID" NOT NULL ENABLE);
 
  ALTER TABLE "XDM_PROGRAMMES" ADD CONSTRAINT "XDM_PROGRAMMES_PK" PRIMARY KEY ("PROG_ID") ENABLE;

--------------------------------------------------------
--  Constraints for Table XDM_TASKS
--------------------------------------------------------

  ALTER TABLE "XDM_TASKS" MODIFY ("TASK_ID" NOT NULL ENABLE);
 
  ALTER TABLE "XDM_TASKS" MODIFY ("START_DATE" NOT NULL ENABLE);
 
  ALTER TABLE "XDM_TASKS" ADD CONSTRAINT "XDM_TASKS_CXL_CHK" CHECK (CXL_YN IN ('Y', 'N')) ENABLE;
 
  ALTER TABLE "XDM_TASKS" ADD CONSTRAINT "XDM_TASKS_PK" PRIMARY KEY ("TASK_ID") ENABLE;


--------------------------------------------------------
--  Ref Constraints for Table XDM_PROGRAMMES
--------------------------------------------------------

  ALTER TABLE "XDM_PROGRAMMES" ADD CONSTRAINT "XDM_PROG_PERS_FK" FOREIGN KEY ("OWNER")
	  REFERENCES "XDM_PERSONS" ("PERS_ID") ENABLE;
--------------------------------------------------------
--  Ref Constraints for Table XDM_TASKS
--------------------------------------------------------

  ALTER TABLE "XDM_TASKS" ADD CONSTRAINT "XDM_ELEM_TASK_FK" FOREIGN KEY ("ELEM_KEY")
	  REFERENCES "XDM_ELEMENTS" ("ELEM_KEY") ENABLE;
 
  ALTER TABLE "XDM_TASKS" ADD CONSTRAINT "XDM_PERS_TASK_FK" FOREIGN KEY ("PERS_ID")
	  REFERENCES "XDM_PERSONS" ("PERS_ID") ENABLE;
 
  ALTER TABLE "XDM_TASKS" ADD CONSTRAINT "XDM_PROG_TASK_FK" FOREIGN KEY ("PROG_ID")
	  REFERENCES "XDM_PROGRAMMES" ("PROG_ID") ON DELETE CASCADE ENABLE;

---------------------------------------------------
--   DATA FOR TABLE XDM_ELEMENTS
--   FILTER = none used
---------------------------------------------------
REM INSERTING into XDM_ELEMENTS
Insert into XDM_ELEMENTS (ELEM_KEY,SUPL_ID,DESCRIPTION,MAX_PAX) values ('16SAPT',null,'16 seater Airport transfer',16);
Insert into XDM_ELEMENTS (ELEM_KEY,SUPL_ID,DESCRIPTION,MAX_PAX) values ('30SAPT',null,'30 seater Airport transfer',30);
Insert into XDM_ELEMENTS (ELEM_KEY,SUPL_ID,DESCRIPTION,MAX_PAX) values ('40SAPT',null,'40 seater Airport transfer',40);
Insert into XDM_ELEMENTS (ELEM_KEY,SUPL_ID,DESCRIPTION,MAX_PAX) values ('6VANAPT',null,'Van 5/6 pax Airport transfer',6);
Insert into XDM_ELEMENTS (ELEM_KEY,SUPL_ID,DESCRIPTION,MAX_PAX) values ('7VANAPT',null,'Van 7 pax Airport transfer',7);
Insert into XDM_ELEMENTS (ELEM_KEY,SUPL_ID,DESCRIPTION,MAX_PAX) values ('SEDAPT',null,'Sedan Airport transfer',4);
Insert into XDM_ELEMENTS (ELEM_KEY,SUPL_ID,DESCRIPTION,MAX_PAX) values ('30SAPTE',null,'30 seater Airport Transfer night',30);
Insert into XDM_ELEMENTS (ELEM_KEY,SUPL_ID,DESCRIPTION,MAX_PAX) values ('SEDAPTE',null,'Sedan Airport Transfer night',4);
Insert into XDM_ELEMENTS (ELEM_KEY,SUPL_ID,DESCRIPTION,MAX_PAX) values ('16SCIBC',null,'16 seater City/Conf transfer',16);
Insert into XDM_ELEMENTS (ELEM_KEY,SUPL_ID,DESCRIPTION,MAX_PAX) values ('40SCIBC',null,'40 seater City/Conf transfer',40);
Insert into XDM_ELEMENTS (ELEM_KEY,SUPL_ID,DESCRIPTION,MAX_PAX) values ('49SCIBC',null,'49 seater City/Conftransfer',49);
Insert into XDM_ELEMENTS (ELEM_KEY,SUPL_ID,DESCRIPTION,MAX_PAX) values ('57SCIBC',null,'57 Seater City/Conftransfer',57);
Insert into XDM_ELEMENTS (ELEM_KEY,SUPL_ID,DESCRIPTION,MAX_PAX) values ('6VANCIBC',null,'Van 5/6 pax City/Conf transfer',6);
Insert into XDM_ELEMENTS (ELEM_KEY,SUPL_ID,DESCRIPTION,MAX_PAX) values ('SEDCIBC',null,'Sedan City/Conf transfer',4);
Insert into XDM_ELEMENTS (ELEM_KEY,SUPL_ID,DESCRIPTION,MAX_PAX) values ('30SCITY',null,'30 seater City transfer',30);
Insert into XDM_ELEMENTS (ELEM_KEY,SUPL_ID,DESCRIPTION,MAX_PAX) values ('49SCITY',null,'49 seater City transfer',49);
Insert into XDM_ELEMENTS (ELEM_KEY,SUPL_ID,DESCRIPTION,MAX_PAX) values ('16SCITYEV',null,'16 seater City transfer evn',16);
Insert into XDM_ELEMENTS (ELEM_KEY,SUPL_ID,DESCRIPTION,MAX_PAX) values ('49SCITYEV',null,'49 seater City transfer evn',49);
Insert into XDM_ELEMENTS (ELEM_KEY,SUPL_ID,DESCRIPTION,MAX_PAX) values ('16SD2',null,'16 seater Disposition 2 hr',16);
Insert into XDM_ELEMENTS (ELEM_KEY,SUPL_ID,DESCRIPTION,MAX_PAX) values ('49SD2',null,'49 seater Disposition 2 hr',49);
Insert into XDM_ELEMENTS (ELEM_KEY,SUPL_ID,DESCRIPTION,MAX_PAX) values ('16SD2E',null,'16 seater Disposition 2 hr evn',16);
Insert into XDM_ELEMENTS (ELEM_KEY,SUPL_ID,DESCRIPTION,MAX_PAX) values ('30SD2E',null,'30 seater Disposition 2 hr evn',30);
Insert into XDM_ELEMENTS (ELEM_KEY,SUPL_ID,DESCRIPTION,MAX_PAX) values ('40SD2E',null,'40 seater Disposition 2 hr evn',40);
Insert into XDM_ELEMENTS (ELEM_KEY,SUPL_ID,DESCRIPTION,MAX_PAX) values ('49SD2E',null,'49 seater Disposition 2 hr evn',49);
Insert into XDM_ELEMENTS (ELEM_KEY,SUPL_ID,DESCRIPTION,MAX_PAX) values ('16SD3',null,'16 seater Disposition 3 hr',16);
Insert into XDM_ELEMENTS (ELEM_KEY,SUPL_ID,DESCRIPTION,MAX_PAX) values ('16SD4E',null,'16 seater Disposition 4 hr evn',16);
Insert into XDM_ELEMENTS (ELEM_KEY,SUPL_ID,DESCRIPTION,MAX_PAX) values ('16STRA',null,'16 seater Transfer',16);
Insert into XDM_ELEMENTS (ELEM_KEY,SUPL_ID,DESCRIPTION,MAX_PAX) values ('30STRA',null,'30 seater Transfer',30);
Insert into XDM_ELEMENTS (ELEM_KEY,SUPL_ID,DESCRIPTION,MAX_PAX) values ('40STRA',null,'40 seater Transfer',40);
Insert into XDM_ELEMENTS (ELEM_KEY,SUPL_ID,DESCRIPTION,MAX_PAX) values ('49STRA',null,'49 seater Transfer',49);
Insert into XDM_ELEMENTS (ELEM_KEY,SUPL_ID,DESCRIPTION,MAX_PAX) values ('57STRA',null,'57 Seater Transfer',57);
Insert into XDM_ELEMENTS (ELEM_KEY,SUPL_ID,DESCRIPTION,MAX_PAX) values ('68STRA',null,'68 Seater Transfer',68);
Insert into XDM_ELEMENTS (ELEM_KEY,SUPL_ID,DESCRIPTION,MAX_PAX) values ('6VANTRA',null,'Van 5/6 pax Transfer',6);
Insert into XDM_ELEMENTS (ELEM_KEY,SUPL_ID,DESCRIPTION,MAX_PAX) values ('7VANTRA',null,'Van 7 pax Transfer',7);
Insert into XDM_ELEMENTS (ELEM_KEY,SUPL_ID,DESCRIPTION,MAX_PAX) values ('81STRA',null,'81 Seater Transfer',81);
Insert into XDM_ELEMENTS (ELEM_KEY,SUPL_ID,DESCRIPTION,MAX_PAX) values ('SEDTRA',null,'Sedan Transfer',4);

---------------------------------------------------
--   END DATA FOR TABLE XDM_ELEMENTS
---------------------------------------------------

---------------------------------------------------
--   DATA FOR TABLE XDM_PERSONS
--   FILTER = none used
---------------------------------------------------
REM INSERTING into XDM_PERSONS
Insert into XDM_PERSONS (PERS_ID,INITIALS,FIRST_NAME,LAST_NAME,PROGRAMME_MANAGER_YN) values (1,'SR','Steven','Robertson','Y');
Insert into XDM_PERSONS (PERS_ID,INITIALS,FIRST_NAME,LAST_NAME,PROGRAMME_MANAGER_YN) values (2,'AM','Andrew','Meyer','Y');
Insert into XDM_PERSONS (PERS_ID,INITIALS,FIRST_NAME,LAST_NAME,PROGRAMME_MANAGER_YN) values (3,'JB','John','Brown','Y');
Insert into XDM_PERSONS (PERS_ID,INITIALS,FIRST_NAME,LAST_NAME,PROGRAMME_MANAGER_YN) values (4,'FL','Frank','Lee','Y');
Insert into XDM_PERSONS (PERS_ID,INITIALS,FIRST_NAME,LAST_NAME,PROGRAMME_MANAGER_YN) values (5,'JF','Jennifer','Fisher','N');
Insert into XDM_PERSONS (PERS_ID,INITIALS,FIRST_NAME,LAST_NAME,PROGRAMME_MANAGER_YN) values (6,'KL','Kevin','Lewis','N');
Insert into XDM_PERSONS (PERS_ID,INITIALS,FIRST_NAME,LAST_NAME,PROGRAMME_MANAGER_YN) values (7,'JH','John','Harris','N');
Insert into XDM_PERSONS (PERS_ID,INITIALS,FIRST_NAME,LAST_NAME,PROGRAMME_MANAGER_YN) values (8,'PF','Patricia','Foster','N');

---------------------------------------------------
--   END DATA FOR TABLE XDM_PERSONS
---------------------------------------------------

---------------------------------------------------
--   DATA FOR TABLE XDM_PROGRAMMES
--   FILTER = none used
---------------------------------------------------
REM INSERTING into XDM_PROGRAMMES
Insert into XDM_PROGRAMMES (PROG_ID,EV_KEY,NAME,OWNER) values (164,'ITPRO','mtaXxYhSHzKFadqmBpZGtM',null);
Insert into XDM_PROGRAMMES (PROG_ID,EV_KEY,NAME,OWNER) values (165,'DBA','VAzBIKkVOvza',null);
Insert into XDM_PROGRAMMES (PROG_ID,EV_KEY,NAME,OWNER) values (167,'DBA','KmfyAhSzZZxuDqqjvByXcHOgpzVV',null);
Insert into XDM_PROGRAMMES (PROG_ID,EV_KEY,NAME,OWNER) values (1419,'DBA','wjupYWuUc',null);
Insert into XDM_PROGRAMMES (PROG_ID,EV_KEY,NAME,OWNER) values (1036,'ITPRO','NxqNnJsboCQll',null);
Insert into XDM_PROGRAMMES (PROG_ID,EV_KEY,NAME,OWNER) values (162,'ITPRO','yFGwoxLIDq',null);
Insert into XDM_PROGRAMMES (PROG_ID,EV_KEY,NAME,OWNER) values (163,'DBA','iQxgnqCnqAiOWpe',null);
Insert into XDM_PROGRAMMES (PROG_ID,EV_KEY,NAME,OWNER) values (166,'ITPRO','pkZ',null);
Insert into XDM_PROGRAMMES (PROG_ID,EV_KEY,NAME,OWNER) values (168,'ITPRO','zThfcHsKBnQuNgTkVDkedxw',null);
Insert into XDM_PROGRAMMES (PROG_ID,EV_KEY,NAME,OWNER) values (1033,'DBA','KsPVMpFSMlTav',null);
Insert into XDM_PROGRAMMES (PROG_ID,EV_KEY,NAME,OWNER) values (1416,'ITPRO','lDkKjVTDdhluuso',null);
Insert into XDM_PROGRAMMES (PROG_ID,EV_KEY,NAME,OWNER) values (1418,'ITPRO','dwfMIIZPBLwa',null);
Insert into XDM_PROGRAMMES (PROG_ID,EV_KEY,NAME,OWNER) values (1420,'ITPRO','fTJIBhDWEuZLfXzSAlBTXSOQmjm',null);
Insert into XDM_PROGRAMMES (PROG_ID,EV_KEY,NAME,OWNER) values (1421,'DBA','OQWKONOyfshHuyvGHBBQcB',null);
Insert into XDM_PROGRAMMES (PROG_ID,EV_KEY,NAME,OWNER) values (2739,'DBA','UFfSGxMpdWEpESq',null);
Insert into XDM_PROGRAMMES (PROG_ID,EV_KEY,NAME,OWNER) values (2724,'ITPRO','dWSBJuddFAXCyqjbAYRlL',null);

---------------------------------------------------
--   END DATA FOR TABLE XDM_PROGRAMMES
---------------------------------------------------

---------------------------------------------------
--   DATA FOR TABLE XDM_TASKS
--   FILTER = none used
---------------------------------------------------
REM INSERTING into XDM_TASKS
Insert into XDM_TASKS (TASK_ID,ELEM_KEY,PROG_ID,START_DATE,START_WHERE,TEXT,END_DATE,END_WHERE,PAX,REMARKS,FLIGHT_NO,PERS_ID,CXL_YN) values (5578,'6VANTRA',165,to_timestamp('11-10-22 11:30:00,000000000','RR-MM-DD HH24:MI:SS,FF'),'Airport','FOBXZreNGJcLreartRiUXBUZVWdWEeYotsHkgbaoWtjiBf',null,'Island Hotel',5,null,'DO 415',1,'N');
Insert into XDM_TASKS (TASK_ID,ELEM_KEY,PROG_ID,START_DATE,START_WHERE,TEXT,END_DATE,END_WHERE,PAX,REMARKS,FLIGHT_NO,PERS_ID,CXL_YN) values (5580,'SEDAPT',1421,to_timestamp('11-10-22 11:50:00,000000000','RR-MM-DD HH24:MI:SS,FF'),'Airport','bleteVDCzCjwYGBgPKSCYhwXAtpMVSMPfXAOCfcoYcfGHgINp',null,'Scandic Hotel',3,null,'QS 904',4,'N');
Insert into XDM_TASKS (TASK_ID,ELEM_KEY,PROG_ID,START_DATE,START_WHERE,TEXT,END_DATE,END_WHERE,PAX,REMARKS,FLIGHT_NO,PERS_ID,CXL_YN) values (5581,'SEDAPT',166,to_timestamp('11-10-22 11:55:00,000000000','RR-MM-DD HH24:MI:SS,FF'),'Airport','oOOzkLbeUFznQRfZk',null,'Royal Hotel',1,null,'TJ 518',3,'N');
Insert into XDM_TASKS (TASK_ID,ELEM_KEY,PROG_ID,START_DATE,START_WHERE,TEXT,END_DATE,END_WHERE,PAX,REMARKS,FLIGHT_NO,PERS_ID,CXL_YN) values (5582,'SEDTRA',165,to_timestamp('11-10-22 11:55:00,000000000','RR-MM-DD HH24:MI:SS,FF'),'Airport','KaldVnnxJg',null,'Island Hotel',1,null,'NB 227',1,'N');
Insert into XDM_TASKS (TASK_ID,ELEM_KEY,PROG_ID,START_DATE,START_WHERE,TEXT,END_DATE,END_WHERE,PAX,REMARKS,FLIGHT_NO,PERS_ID,CXL_YN) values (5583,'SEDAPT',166,to_timestamp('11-10-22 12:00:00,000000000','RR-MM-DD HH24:MI:SS,FF'),'Airport','OFlphEbUCYrKsGOp',null,'Royal Hotel',1,null,'EV 184',2,'N');
Insert into XDM_TASKS (TASK_ID,ELEM_KEY,PROG_ID,START_DATE,START_WHERE,TEXT,END_DATE,END_WHERE,PAX,REMARKS,FLIGHT_NO,PERS_ID,CXL_YN) values (5584,'16SAPT',166,to_timestamp('11-10-22 11:55:00,000000000','RR-MM-DD HH24:MI:SS,FF'),'Airport','vuTyNphtKdBclYvNpwRMYhUqoJpRrYQgYpmAnrZYjmSTcWhsVIWQoigjDJQEOyaiTndYPUlYjjfADCiJR',null,'Hilton',10,null,'YB 756',2,'N');
Insert into XDM_TASKS (TASK_ID,ELEM_KEY,PROG_ID,START_DATE,START_WHERE,TEXT,END_DATE,END_WHERE,PAX,REMARKS,FLIGHT_NO,PERS_ID,CXL_YN) values (5585,'SEDAPT',166,to_timestamp('11-10-22 12:10:00,000000000','RR-MM-DD HH24:MI:SS,FF'),'Airport','MifHwQbyCFBqzGCavsrqTRErCRrlO',null,'Hotel Not Required',1,null,'RS 505',3,'N');
Insert into XDM_TASKS (TASK_ID,ELEM_KEY,PROG_ID,START_DATE,START_WHERE,TEXT,END_DATE,END_WHERE,PAX,REMARKS,FLIGHT_NO,PERS_ID,CXL_YN) values (5586,'16STRA',167,to_timestamp('11-10-22 14:05:00,000000000','RR-MM-DD HH24:MI:SS,FF'),'Airport',null,null,'Royal Hotel',14,null,'KO 432',1,'N');
Insert into XDM_TASKS (TASK_ID,ELEM_KEY,PROG_ID,START_DATE,START_WHERE,TEXT,END_DATE,END_WHERE,PAX,REMARKS,FLIGHT_NO,PERS_ID,CXL_YN) values (5587,'SEDAPT',166,to_timestamp('11-10-22 13:25:00,000000000','RR-MM-DD HH24:MI:SS,FF'),'Airport','tUVyjWvqJRpiaFT',null,'Scandic Hotel',1,null,'XE 250',2,'N');
Insert into XDM_TASKS (TASK_ID,ELEM_KEY,PROG_ID,START_DATE,START_WHERE,TEXT,END_DATE,END_WHERE,PAX,REMARKS,FLIGHT_NO,PERS_ID,CXL_YN) values (5588,'SEDTRA',163,to_timestamp('11-10-22 13:05:00,000000000','RR-MM-DD HH24:MI:SS,FF'),'Airport','sbJeXsuVzOJOAWtLJwUBpYlqQUPdSxKLsOWaKlHOHdkyGPHAGmrX',null,'Marriott Hotel',3,null,'EP 132',3,'N');
Insert into XDM_TASKS (TASK_ID,ELEM_KEY,PROG_ID,START_DATE,START_WHERE,TEXT,END_DATE,END_WHERE,PAX,REMARKS,FLIGHT_NO,PERS_ID,CXL_YN) values (5589,'SEDAPT',162,to_timestamp('11-10-22 13:05:00,000000000','RR-MM-DD HH24:MI:SS,FF'),'Airport','zrJIvZIqqEhscfpKIAaRaEA',null,'Imperial',1,null,'IR 504',2,'N');
Insert into XDM_TASKS (TASK_ID,ELEM_KEY,PROG_ID,START_DATE,START_WHERE,TEXT,END_DATE,END_WHERE,PAX,REMARKS,FLIGHT_NO,PERS_ID,CXL_YN) values (5592,'SEDAPT',166,to_timestamp('11-10-22 13:50:00,000000000','RR-MM-DD HH24:MI:SS,FF'),'Airport','rTnlAfBgKJfYCfQLGKypg',null,'Scandic Hotel',1,null,'PC 735',3,'N');
Insert into XDM_TASKS (TASK_ID,ELEM_KEY,PROG_ID,START_DATE,START_WHERE,TEXT,END_DATE,END_WHERE,PAX,REMARKS,FLIGHT_NO,PERS_ID,CXL_YN) values (5593,'SEDTRA',165,to_timestamp('11-10-22 13:50:00,000000000','RR-MM-DD HH24:MI:SS,FF'),'Airport','AjeJLEbIDxyUFa',null,'Island Hotel',2,null,'TF 670',2,'N');
Insert into XDM_TASKS (TASK_ID,ELEM_KEY,PROG_ID,START_DATE,START_WHERE,TEXT,END_DATE,END_WHERE,PAX,REMARKS,FLIGHT_NO,PERS_ID,CXL_YN) values (5594,'6VANAPT',1421,to_timestamp('11-10-22 13:50:00,000000000','RR-MM-DD HH24:MI:SS,FF'),'Airport','UApUqagPrmAVgUOGOSQVAerMIizffOGtCVlBhrNhSAEKdZKpaTTyzxmcjozVom',null,'Scandic Hotel',4,null,'YG 588',4,'N');
Insert into XDM_TASKS (TASK_ID,ELEM_KEY,PROG_ID,START_DATE,START_WHERE,TEXT,END_DATE,END_WHERE,PAX,REMARKS,FLIGHT_NO,PERS_ID,CXL_YN) values (5596,'6VANAPT',1421,to_timestamp('11-10-22 14:35:00,000000000','RR-MM-DD HH24:MI:SS,FF'),'Airport','TUgeDCBjBSefLtWlJkXVeWbambYoByWtozdDzoMkHdAAgegRVujpyOHFwESEBXcpSHiLhiWROYWKAHrIVHezNdzk',null,'Scandic Hotel',4,null,'MR 324',2,'N');
Insert into XDM_TASKS (TASK_ID,ELEM_KEY,PROG_ID,START_DATE,START_WHERE,TEXT,END_DATE,END_WHERE,PAX,REMARKS,FLIGHT_NO,PERS_ID,CXL_YN) values (5597,'SEDAPT',166,to_timestamp('11-10-22 14:45:00,000000000','RR-MM-DD HH24:MI:SS,FF'),'Airport','EwHBMpaakiLNMCikSFzyWyNSMxDOBcaX',null,'Royal Hotel',2,null,'JM 832',3,'N');
Insert into XDM_TASKS (TASK_ID,ELEM_KEY,PROG_ID,START_DATE,START_WHERE,TEXT,END_DATE,END_WHERE,PAX,REMARKS,FLIGHT_NO,PERS_ID,CXL_YN) values (5598,'6VANTRA',165,to_timestamp('11-10-22 14:45:00,000000000','RR-MM-DD HH24:MI:SS,FF'),'Airport','DqMuXxrzGiYNKZsnNeyjbMDRtLPNRBxoZYHk',null,'Island Hotel',4,null,'XU 406',4,'N');
Insert into XDM_TASKS (TASK_ID,ELEM_KEY,PROG_ID,START_DATE,START_WHERE,TEXT,END_DATE,END_WHERE,PAX,REMARKS,FLIGHT_NO,PERS_ID,CXL_YN) values (5600,'SEDTRA',1419,to_timestamp('11-10-22 15:05:00,000000000','RR-MM-DD HH24:MI:SS,FF'),'Airport','dowCcIoypngGgyJAcNBBKQATJrVNNrGemkbAQYyPXFuDKqYiTbdMOdIngRPpzvdbYHHwWIPA',null,'Scandic Hotel',3,null,'QJ 551',4,'N');
Insert into XDM_TASKS (TASK_ID,ELEM_KEY,PROG_ID,START_DATE,START_WHERE,TEXT,END_DATE,END_WHERE,PAX,REMARKS,FLIGHT_NO,PERS_ID,CXL_YN) values (5601,'6VANAPT',166,to_timestamp('11-10-22 15:30:00,000000000','RR-MM-DD HH24:MI:SS,FF'),'Airport','SwFVHYBcTyacUOSSCrqPUbqvMCzhynilYjiVBKQzQqSU',null,'Scandic Hotel',3,null,'WB 757',2,'N');
Insert into XDM_TASKS (TASK_ID,ELEM_KEY,PROG_ID,START_DATE,START_WHERE,TEXT,END_DATE,END_WHERE,PAX,REMARKS,FLIGHT_NO,PERS_ID,CXL_YN) values (5602,'SEDAPT',166,to_timestamp('11-10-22 16:25:00,000000000','RR-MM-DD HH24:MI:SS,FF'),'Airport','KvtbyxLrjGwfyFDF',null,'Scandic Hotel',1,null,'NV 385',1,'N');
Insert into XDM_TASKS (TASK_ID,ELEM_KEY,PROG_ID,START_DATE,START_WHERE,TEXT,END_DATE,END_WHERE,PAX,REMARKS,FLIGHT_NO,PERS_ID,CXL_YN) values (5605,'57STRA',162,to_timestamp('11-10-25 19:00:00,000000000','RR-MM-DD HH24:MI:SS,FF'),'Island Hotel',null,to_timestamp('11-10-25 23:00:00,000000000','RR-MM-DD HH24:MI:SS,FF'),'The Embassy',40,null,null,4,'N');
Insert into XDM_TASKS (TASK_ID,ELEM_KEY,PROG_ID,START_DATE,START_WHERE,TEXT,END_DATE,END_WHERE,PAX,REMARKS,FLIGHT_NO,PERS_ID,CXL_YN) values (5517,'SEDAPT',166,to_timestamp('11-10-26 13:20:00,000000000','RR-MM-DD HH24:MI:SS,FF'),'Airport','piCHrzovyXZQqCEG',null,'Hilton',1,null,'YB 147',4,'N');
Insert into XDM_TASKS (TASK_ID,ELEM_KEY,PROG_ID,START_DATE,START_WHERE,TEXT,END_DATE,END_WHERE,PAX,REMARKS,FLIGHT_NO,PERS_ID,CXL_YN) values (5522,'SEDAPT',1036,to_timestamp('11-10-21 11:15:00,000000000','RR-MM-DD HH24:MI:SS,FF'),'Airport','GNQUJKHVsrcCqWMLgWjHnli',null,'Scandic Hotel',2,null,'XD 239',4,'N');
Insert into XDM_TASKS (TASK_ID,ELEM_KEY,PROG_ID,START_DATE,START_WHERE,TEXT,END_DATE,END_WHERE,PAX,REMARKS,FLIGHT_NO,PERS_ID,CXL_YN) values (5523,'6VANTRA',165,to_timestamp('11-10-21 11:30:00,000000000','RR-MM-DD HH24:MI:SS,FF'),'Airport','FXWdrNnldGqFcYSnXRCQrTeCncdwXjqbektLWytzzhhfPpAjxZzyGQl',null,'Island Hotel',6,null,'WY 124',4,'N');
Insert into XDM_TASKS (TASK_ID,ELEM_KEY,PROG_ID,START_DATE,START_WHERE,TEXT,END_DATE,END_WHERE,PAX,REMARKS,FLIGHT_NO,PERS_ID,CXL_YN) values (5524,'SEDAPT',166,to_timestamp('11-10-21 11:35:00,000000000','RR-MM-DD HH24:MI:SS,FF'),'Airport','sAAZPweNHqkRzWMn',null,'Royal Hotel',1,null,'SX 364',2,'N');
Insert into XDM_TASKS (TASK_ID,ELEM_KEY,PROG_ID,START_DATE,START_WHERE,TEXT,END_DATE,END_WHERE,PAX,REMARKS,FLIGHT_NO,PERS_ID,CXL_YN) values (5525,'SEDAPT',166,to_timestamp('11-10-21 12:35:00,000000000','RR-MM-DD HH24:MI:SS,FF'),'Airport','WzkvGIflkBduezbU',null,'Hotel Not Required',1,null,'HD 452',3,'N');
Insert into XDM_TASKS (TASK_ID,ELEM_KEY,PROG_ID,START_DATE,START_WHERE,TEXT,END_DATE,END_WHERE,PAX,REMARKS,FLIGHT_NO,PERS_ID,CXL_YN) values (5526,'SEDTRA',163,to_timestamp('11-10-21 13:05:00,000000000','RR-MM-DD HH24:MI:SS,FF'),'Airport','ekTaSdHGqSzf',null,'Marriott Hotel',1,null,'ST 132',2,'N');
Insert into XDM_TASKS (TASK_ID,ELEM_KEY,PROG_ID,START_DATE,START_WHERE,TEXT,END_DATE,END_WHERE,PAX,REMARKS,FLIGHT_NO,PERS_ID,CXL_YN) values (5532,'SEDAPT',1036,to_timestamp('11-10-21 14:10:00,000000000','RR-MM-DD HH24:MI:SS,FF'),'Airport','IVGvbqaYalLNRZP',null,'Scandic Hotel',1,null,'EV 974',2,'N');
Insert into XDM_TASKS (TASK_ID,ELEM_KEY,PROG_ID,START_DATE,START_WHERE,TEXT,END_DATE,END_WHERE,PAX,REMARKS,FLIGHT_NO,PERS_ID,CXL_YN) values (5535,'6VANTRA',1419,to_timestamp('11-10-21 14:20:00,000000000','RR-MM-DD HH24:MI:SS,FF'),'Airport','nKGRYZXVw',null,'Scandic Hotel',4,null,'OE 756',1,'N');
Insert into XDM_TASKS (TASK_ID,ELEM_KEY,PROG_ID,START_DATE,START_WHERE,TEXT,END_DATE,END_WHERE,PAX,REMARKS,FLIGHT_NO,PERS_ID,CXL_YN) values (5536,'40STRA',165,to_timestamp('11-10-21 14:45:00,000000000','RR-MM-DD HH24:MI:SS,FF'),'Airport',null,null,'Island Hotel',32,null,'ED 930',3,'N');
Insert into XDM_TASKS (TASK_ID,ELEM_KEY,PROG_ID,START_DATE,START_WHERE,TEXT,END_DATE,END_WHERE,PAX,REMARKS,FLIGHT_NO,PERS_ID,CXL_YN) values (5537,'SEDAPT',1036,to_timestamp('11-10-21 16:10:00,000000000','RR-MM-DD HH24:MI:SS,FF'),'Airport','YfxRmUJjipfWnlUvrOaSzYdGkGdLjmIhnQNS',null,'Scandic Hotel',2,null,'AS 347',2,'N');
Insert into XDM_TASKS (TASK_ID,ELEM_KEY,PROG_ID,START_DATE,START_WHERE,TEXT,END_DATE,END_WHERE,PAX,REMARKS,FLIGHT_NO,PERS_ID,CXL_YN) values (5538,'SEDTRA',165,to_timestamp('11-10-21 16:10:00,000000000','RR-MM-DD HH24:MI:SS,FF'),'Airport','eNiaXodLXGjCUrqZwz',null,'Island Hotel',2,null,'RW 435',3,'N');
Insert into XDM_TASKS (TASK_ID,ELEM_KEY,PROG_ID,START_DATE,START_WHERE,TEXT,END_DATE,END_WHERE,PAX,REMARKS,FLIGHT_NO,PERS_ID,CXL_YN) values (5541,'6VANAPT',166,to_timestamp('11-10-21 17:20:00,000000000','RR-MM-DD HH24:MI:SS,FF'),'Airport','OjvOBtdIuxjeEeDStkWHtoTadsohGzWFInEqfJIqbRxhANYLIRbpPglrckvIsANCloUkoMJVBTptCrmlKQWWfIxlYAyYKWtMFRRpahg',null,'Royal Hotel',4,null,'SI 671',3,'N');
Insert into XDM_TASKS (TASK_ID,ELEM_KEY,PROG_ID,START_DATE,START_WHERE,TEXT,END_DATE,END_WHERE,PAX,REMARKS,FLIGHT_NO,PERS_ID,CXL_YN) values (5542,'SEDAPT',1036,to_timestamp('11-10-21 17:20:00,000000000','RR-MM-DD HH24:MI:SS,FF'),'Airport','KlQjSXXdmBSeXILoJoTIyjC',null,'Scandic Hotel',2,null,'HC 427',4,'N');
Insert into XDM_TASKS (TASK_ID,ELEM_KEY,PROG_ID,START_DATE,START_WHERE,TEXT,END_DATE,END_WHERE,PAX,REMARKS,FLIGHT_NO,PERS_ID,CXL_YN) values (5543,'SEDTRA',163,to_timestamp('11-10-21 17:20:00,000000000','RR-MM-DD HH24:MI:SS,FF'),'Airport','hGlHicZSwvhFoCgbYZS',null,'Marriott Hotel',3,null,'CE 928',4,'N');
Insert into XDM_TASKS (TASK_ID,ELEM_KEY,PROG_ID,START_DATE,START_WHERE,TEXT,END_DATE,END_WHERE,PAX,REMARKS,FLIGHT_NO,PERS_ID,CXL_YN) values (5544,'SEDAPT',162,to_timestamp('11-10-21 17:20:00,000000000','RR-MM-DD HH24:MI:SS,FF'),'Airport','dwShhWtlanJkORWYS',null,'Imperial',1,null,'TJ 192',1,'N');
Insert into XDM_TASKS (TASK_ID,ELEM_KEY,PROG_ID,START_DATE,START_WHERE,TEXT,END_DATE,END_WHERE,PAX,REMARKS,FLIGHT_NO,PERS_ID,CXL_YN) values (5545,'68STRA',168,to_timestamp('11-10-21 17:20:00,000000000','RR-MM-DD HH24:MI:SS,FF'),'Airport',null,null,'Grand Hotel',66,null,'OB 875',2,'N');
Insert into XDM_TASKS (TASK_ID,ELEM_KEY,PROG_ID,START_DATE,START_WHERE,TEXT,END_DATE,END_WHERE,PAX,REMARKS,FLIGHT_NO,PERS_ID,CXL_YN) values (5546,'SEDAPT',166,to_timestamp('11-10-21 18:00:00,000000000','RR-MM-DD HH24:MI:SS,FF'),'Airport','uxqaiiXSapmMiGwERRkDAWhWmKhNRF',null,'Hilton',2,null,'SA 666',4,'N');
Insert into XDM_TASKS (TASK_ID,ELEM_KEY,PROG_ID,START_DATE,START_WHERE,TEXT,END_DATE,END_WHERE,PAX,REMARKS,FLIGHT_NO,PERS_ID,CXL_YN) values (5547,'SEDTRA',1418,to_timestamp('11-10-21 18:00:00,000000000','RR-MM-DD HH24:MI:SS,FF'),'Airport','XjAXBGIqvWIUtEAheFbVS',null,'Hilton',1,null,'HM 322',3,'N');
Insert into XDM_TASKS (TASK_ID,ELEM_KEY,PROG_ID,START_DATE,START_WHERE,TEXT,END_DATE,END_WHERE,PAX,REMARKS,FLIGHT_NO,PERS_ID,CXL_YN) values (5548,'6VANAPT',166,to_timestamp('11-10-21 18:20:00,000000000','RR-MM-DD HH24:MI:SS,FF'),'Airport','RsFohIXnAovCbMnSqwsbZleIBDMbNgzfKLMQJupGwlyyUHMvxZGeMAaTwSQupXTKAISkHcZniqZutrDydSGagayHedLyRIRxu',null,'Royal Hotel',5,null,'UC 322',4,'N');
Insert into XDM_TASKS (TASK_ID,ELEM_KEY,PROG_ID,START_DATE,START_WHERE,TEXT,END_DATE,END_WHERE,PAX,REMARKS,FLIGHT_NO,PERS_ID,CXL_YN) values (5553,'SEDTRA',165,to_timestamp('11-10-21 19:50:00,000000000','RR-MM-DD HH24:MI:SS,FF'),'Airport','pDaOGI',null,'Island Hotel',1,null,'CW 677',2,'N');
Insert into XDM_TASKS (TASK_ID,ELEM_KEY,PROG_ID,START_DATE,START_WHERE,TEXT,END_DATE,END_WHERE,PAX,REMARKS,FLIGHT_NO,PERS_ID,CXL_YN) values (5556,'40STRA',165,to_timestamp('11-10-21 21:35:00,000000000','RR-MM-DD HH24:MI:SS,FF'),'Airport',null,null,'Island Hotel',33,null,'HK 771',1,'N');
Insert into XDM_TASKS (TASK_ID,ELEM_KEY,PROG_ID,START_DATE,START_WHERE,TEXT,END_DATE,END_WHERE,PAX,REMARKS,FLIGHT_NO,PERS_ID,CXL_YN) values (5557,'SEDTRA',163,to_timestamp('11-10-21 21:55:00,000000000','RR-MM-DD HH24:MI:SS,FF'),'Airport','jgCEOjgyjaRNugiLPVaRXehMka',null,'Marriott Hotel',2,null,'RZ 509',1,'N');
Insert into XDM_TASKS (TASK_ID,ELEM_KEY,PROG_ID,START_DATE,START_WHERE,TEXT,END_DATE,END_WHERE,PAX,REMARKS,FLIGHT_NO,PERS_ID,CXL_YN) values (5558,'SEDAPT',162,to_timestamp('11-10-21 21:55:00,000000000','RR-MM-DD HH24:MI:SS,FF'),'Airport','vJsIPpVTTnFvtMTb',null,'Scandic Hotel',1,null,'AZ 844',2,'N');
Insert into XDM_TASKS (TASK_ID,ELEM_KEY,PROG_ID,START_DATE,START_WHERE,TEXT,END_DATE,END_WHERE,PAX,REMARKS,FLIGHT_NO,PERS_ID,CXL_YN) values (5560,'SEDAPT',162,to_timestamp('11-10-22 05:20:00,000000000','RR-MM-DD HH24:MI:SS,FF'),'Imperial Hotel','lemTcRmQXqiOlXzlbi',null,'Airport',1,null,'KH 982',4,'N');
Insert into XDM_TASKS (TASK_ID,ELEM_KEY,PROG_ID,START_DATE,START_WHERE,TEXT,END_DATE,END_WHERE,PAX,REMARKS,FLIGHT_NO,PERS_ID,CXL_YN) values (5561,'57STRA',162,to_timestamp('11-10-25 19:00:00,000000000','RR-MM-DD HH24:MI:SS,FF'),'Island Hotel',null,null,'The Embassy',50,null,null,4,'N');
Insert into XDM_TASKS (TASK_ID,ELEM_KEY,PROG_ID,START_DATE,START_WHERE,TEXT,END_DATE,END_WHERE,PAX,REMARKS,FLIGHT_NO,PERS_ID,CXL_YN) values (5562,'SEDAPT',162,to_timestamp('11-10-22 07:15:00,000000000','RR-MM-DD HH24:MI:SS,FF'),'Airport','ujKXiZsxuhkxPWAc',null,'Imperial',1,null,'XG 249',1,'N');
Insert into XDM_TASKS (TASK_ID,ELEM_KEY,PROG_ID,START_DATE,START_WHERE,TEXT,END_DATE,END_WHERE,PAX,REMARKS,FLIGHT_NO,PERS_ID,CXL_YN) values (5563,'SEDTRA',1418,to_timestamp('11-10-22 07:15:00,000000000','RR-MM-DD HH24:MI:SS,FF'),'Airport','bJAGxyfkQrCfVo',null,'Hilton',1,null,'BC 297',1,'N');
Insert into XDM_TASKS (TASK_ID,ELEM_KEY,PROG_ID,START_DATE,START_WHERE,TEXT,END_DATE,END_WHERE,PAX,REMARKS,FLIGHT_NO,PERS_ID,CXL_YN) values (5564,'SEDAPT',166,to_timestamp('11-10-22 07:35:00,000000000','RR-MM-DD HH24:MI:SS,FF'),'Airport','TGFnHtxEaZUFVJLhZEsfpJCEGLaMCEOLDzVrrNbaBv',null,'Hilton',3,null,'PX 238',3,'N');
Insert into XDM_TASKS (TASK_ID,ELEM_KEY,PROG_ID,START_DATE,START_WHERE,TEXT,END_DATE,END_WHERE,PAX,REMARKS,FLIGHT_NO,PERS_ID,CXL_YN) values (5565,'SEDAPT',1036,to_timestamp('11-10-21 11:15:00,000000000','RR-MM-DD HH24:MI:SS,FF'),'Airport','PWQJgEpIWsoXtZRgAJyLQeZpxNXnIbAIBGSiIvTxE',null,'Scandic Hotel',2,null,'OI 249',2,'N');
Insert into XDM_TASKS (TASK_ID,ELEM_KEY,PROG_ID,START_DATE,START_WHERE,TEXT,END_DATE,END_WHERE,PAX,REMARKS,FLIGHT_NO,PERS_ID,CXL_YN) values (5567,'SEDAPT',166,to_timestamp('11-10-22 08:35:00,000000000','RR-MM-DD HH24:MI:SS,FF'),'Airport','EblNjnwpfpQXyGFBVk',null,'Hilton',1,null,'NM 955',1,'N');
Insert into XDM_TASKS (TASK_ID,ELEM_KEY,PROG_ID,START_DATE,START_WHERE,TEXT,END_DATE,END_WHERE,PAX,REMARKS,FLIGHT_NO,PERS_ID,CXL_YN) values (5570,'30SAPT',1421,to_timestamp('11-10-22 09:15:00,000000000','RR-MM-DD HH24:MI:SS,FF'),'Airport',null,null,'Scandic Hotel',17,null,'QU 277',1,'N');
Insert into XDM_TASKS (TASK_ID,ELEM_KEY,PROG_ID,START_DATE,START_WHERE,TEXT,END_DATE,END_WHERE,PAX,REMARKS,FLIGHT_NO,PERS_ID,CXL_YN) values (5571,'SEDAPT',166,to_timestamp('11-10-22 10:10:00,000000000','RR-MM-DD HH24:MI:SS,FF'),'Airport','YeqaWMWdvRLzNaJivWUCHviIG',null,'Royal Hotel',1,null,'HP 548',1,'N');
Insert into XDM_TASKS (TASK_ID,ELEM_KEY,PROG_ID,START_DATE,START_WHERE,TEXT,END_DATE,END_WHERE,PAX,REMARKS,FLIGHT_NO,PERS_ID,CXL_YN) values (5572,'SEDTRA',165,to_timestamp('11-10-22 10:10:00,000000000','RR-MM-DD HH24:MI:SS,FF'),'Airport','ZBTQJRgWMEMTrdDNS',null,'Island Hotel',2,null,'CU 225',2,'N');
Insert into XDM_TASKS (TASK_ID,ELEM_KEY,PROG_ID,START_DATE,START_WHERE,TEXT,END_DATE,END_WHERE,PAX,REMARKS,FLIGHT_NO,PERS_ID,CXL_YN) values (5573,'SEDAPT',166,to_timestamp('11-10-22 10:30:00,000000000','RR-MM-DD HH24:MI:SS,FF'),'Airport','bVeYUtqKcYeQneD',null,'Hilton',1,null,'JT 391',3,'N');
Insert into XDM_TASKS (TASK_ID,ELEM_KEY,PROG_ID,START_DATE,START_WHERE,TEXT,END_DATE,END_WHERE,PAX,REMARKS,FLIGHT_NO,PERS_ID,CXL_YN) values (5574,'6VANAPT',1421,to_timestamp('11-10-22 10:40:00,000000000','RR-MM-DD HH24:MI:SS,FF'),'Airport','stnWoKRePMgRmmJpwYlUCBwjdrvaFLZEyApfnVrhoCvKHCfHBKyTpbnWliwuWriNMVxZIBWlbheJEbqfButunNajjlZ',null,'Scandic Hotel',5,null,'YY 398',4,'N');
Insert into XDM_TASKS (TASK_ID,ELEM_KEY,PROG_ID,START_DATE,START_WHERE,TEXT,END_DATE,END_WHERE,PAX,REMARKS,FLIGHT_NO,PERS_ID,CXL_YN) values (5576,'6VANTRA',1420,to_timestamp('11-10-22 11:25:00,000000000','RR-MM-DD HH24:MI:SS,FF'),'Airport','erjKpxNiMQXqXFkENnrTPTN',null,'Royal Hotel',5,null,'UJ 593',3,'N');
Insert into XDM_TASKS (TASK_ID,ELEM_KEY,PROG_ID,START_DATE,START_WHERE,TEXT,END_DATE,END_WHERE,PAX,REMARKS,FLIGHT_NO,PERS_ID,CXL_YN) values (5474,'30SAPT',166,to_timestamp('11-10-22 11:15:00,000000000','RR-MM-DD HH24:MI:SS,FF'),'Airport',null,null,'Hilton',25,null,'MJ 982',3,'N');
Insert into XDM_TASKS (TASK_ID,ELEM_KEY,PROG_ID,START_DATE,START_WHERE,TEXT,END_DATE,END_WHERE,PAX,REMARKS,FLIGHT_NO,PERS_ID,CXL_YN) values (5476,'16SAPT',166,to_timestamp('11-10-22 14:10:00,000000000','RR-MM-DD HH24:MI:SS,FF'),'Airport','DUCdtcIyGZpkGtfbHAiWzkuQboQQeoZxDXdBnLzjIOYCxAHMfWrWIdwfIStY',null,'Scandic Hotel',8,null,'KQ 269',3,'N');
Insert into XDM_TASKS (TASK_ID,ELEM_KEY,PROG_ID,START_DATE,START_WHERE,TEXT,END_DATE,END_WHERE,PAX,REMARKS,FLIGHT_NO,PERS_ID,CXL_YN) values (5480,'6VANAPT',166,to_timestamp('11-10-22 16:20:00,000000000','RR-MM-DD HH24:MI:SS,FF'),'Airport','XvBFXxrwnSJzepIzmtfzqDDuylwwVMUq',null,'Scandic Hotel',3,null,'VV 897',3,'N');
Insert into XDM_TASKS (TASK_ID,ELEM_KEY,PROG_ID,START_DATE,START_WHERE,TEXT,END_DATE,END_WHERE,PAX,REMARKS,FLIGHT_NO,PERS_ID,CXL_YN) values (5486,'6VANAPT',166,to_timestamp('11-10-22 07:10:00,000000000','RR-MM-DD HH24:MI:SS,FF'),'Airport','YPYvEqMewGxaWBhWTOtawRoQiDfXDHDKQCAYTxJjZZsISEN',null,'Hilton',3,null,'SH 774',4,'N');
Insert into XDM_TASKS (TASK_ID,ELEM_KEY,PROG_ID,START_DATE,START_WHERE,TEXT,END_DATE,END_WHERE,PAX,REMARKS,FLIGHT_NO,PERS_ID,CXL_YN) values (5488,'16SAPT',166,to_timestamp('11-10-22 17:20:00,000000000','RR-MM-DD HH24:MI:SS,FF'),'Airport','USqRbGjNKYzUUxRHqagoxEbIIejddfkcXeygByWlzyMuPpWtMptPPmXdwZvFmUphDxAVwospZsjMuyCVTdstSHFTEtlnSMSCwMPLdOjlhdcJlZyQCoyEcvBHqmIOAKsVFzYYNlHBGUDDhEkHhjruITKnzXZeZbHncAhyLFRJJBIJAlPYWzJJeCJEXyCmNOoiVlCsKCQqlAEJFZLVXjoDdQrAy',null,'Scandic Hotel',13,null,'QH 598',3,'N');
Insert into XDM_TASKS (TASK_ID,ELEM_KEY,PROG_ID,START_DATE,START_WHERE,TEXT,END_DATE,END_WHERE,PAX,REMARKS,FLIGHT_NO,PERS_ID,CXL_YN) values (5489,'SEDTRA',165,to_timestamp('11-10-22 17:20:00,000000000','RR-MM-DD HH24:MI:SS,FF'),'Airport','kkYUGremKC',null,'Island Hotel',1,null,'IN 161',4,'N');
Insert into XDM_TASKS (TASK_ID,ELEM_KEY,PROG_ID,START_DATE,START_WHERE,TEXT,END_DATE,END_WHERE,PAX,REMARKS,FLIGHT_NO,PERS_ID,CXL_YN) values (5493,'SEDAPT',166,to_timestamp('11-10-22 18:40:00,000000000','RR-MM-DD HH24:MI:SS,FF'),'Airport','TVnReJIUYLHTsFacYwGmFlRvf',null,'Royal Hotel',1,null,'DH 102',4,'N');
Insert into XDM_TASKS (TASK_ID,ELEM_KEY,PROG_ID,START_DATE,START_WHERE,TEXT,END_DATE,END_WHERE,PAX,REMARKS,FLIGHT_NO,PERS_ID,CXL_YN) values (5496,'6VANAPT',166,to_timestamp('11-10-26 10:10:00,000000000','RR-MM-DD HH24:MI:SS,FF'),'Airport','jRsOnhUOJZDMPmEvGMBRtXBNUwuRbFLDvprkxTsIWRusinNnVcajRLWEO',null,'Scandic Hotel',4,null,'MA 116',1,'N');
Insert into XDM_TASKS (TASK_ID,ELEM_KEY,PROG_ID,START_DATE,START_WHERE,TEXT,END_DATE,END_WHERE,PAX,REMARKS,FLIGHT_NO,PERS_ID,CXL_YN) values (5498,'6VANAPT',166,to_timestamp('11-10-26 10:20:00,000000000','RR-MM-DD HH24:MI:SS,FF'),'Airport','xDcdvKcLOAqZUBsRiHKcXykzKNlMrFolRQyYkLcaWunHiHEO',null,'Hilton',3,null,'OL 534',1,'N');
Insert into XDM_TASKS (TASK_ID,ELEM_KEY,PROG_ID,START_DATE,START_WHERE,TEXT,END_DATE,END_WHERE,PAX,REMARKS,FLIGHT_NO,PERS_ID,CXL_YN) values (5500,'SEDAPT',166,to_timestamp('11-10-26 10:25:00,000000000','RR-MM-DD HH24:MI:SS,FF'),'Airport','ocjQpOlCCBZnrRR',null,'Royal Hotel',1,null,'LJ 710',2,'N');
Insert into XDM_TASKS (TASK_ID,ELEM_KEY,PROG_ID,START_DATE,START_WHERE,TEXT,END_DATE,END_WHERE,PAX,REMARKS,FLIGHT_NO,PERS_ID,CXL_YN) values (5502,'SEDAPT',166,to_timestamp('11-10-26 11:00:00,000000000','RR-MM-DD HH24:MI:SS,FF'),'Airport','InrdSGLfARgPapd',null,'Hilton',1,null,'SZ 860',4,'N');
Insert into XDM_TASKS (TASK_ID,ELEM_KEY,PROG_ID,START_DATE,START_WHERE,TEXT,END_DATE,END_WHERE,PAX,REMARKS,FLIGHT_NO,PERS_ID,CXL_YN) values (5504,'16SAPT',166,to_timestamp('11-10-26 11:10:00,000000000','RR-MM-DD HH24:MI:SS,FF'),'Airport','FsKfMkAcmUVLfDGwrYaspmfTQZtsVejEiBpxGZuMlJTehLnYYSRvygBWREXiOkhUWLIlcAJdhuWXxSrpsLnUKlaAFMfVJbgIUcPKMwBGMoSwysLKP',null,'Royal Hotel',7,null,'YA 468',1,'N');
Insert into XDM_TASKS (TASK_ID,ELEM_KEY,PROG_ID,START_DATE,START_WHERE,TEXT,END_DATE,END_WHERE,PAX,REMARKS,FLIGHT_NO,PERS_ID,CXL_YN) values (5505,'6VANAPT',166,to_timestamp('11-10-26 11:10:00,000000000','RR-MM-DD HH24:MI:SS,FF'),'Airport','KDZVIUcXoGmcqlCWmhJPtvEzFQJdmKVWjvfjBkrQWxomnIjaAFOlGPPQTjzuexuXB',null,'Hilton',4,null,'KC 462',3,'N');
Insert into XDM_TASKS (TASK_ID,ELEM_KEY,PROG_ID,START_DATE,START_WHERE,TEXT,END_DATE,END_WHERE,PAX,REMARKS,FLIGHT_NO,PERS_ID,CXL_YN) values (5506,'6VANAPT',166,to_timestamp('11-10-26 12:10:00,000000000','RR-MM-DD HH24:MI:SS,FF'),'Airport','RMrWunIeyBgEoaFWYPtZknCeeegimoYPBdJDWjfEPSKDqWpHOnE',null,'Hilton',3,null,'KV 157',3,'N');
Insert into XDM_TASKS (TASK_ID,ELEM_KEY,PROG_ID,START_DATE,START_WHERE,TEXT,END_DATE,END_WHERE,PAX,REMARKS,FLIGHT_NO,PERS_ID,CXL_YN) values (5510,'6VANAPT',166,to_timestamp('11-10-26 12:40:00,000000000','RR-MM-DD HH24:MI:SS,FF'),'Airport','fMsjqNsttpfOdcyWiJoyyEnpEEjIegAfDvDqPpjRh',null,'Hilton',3,null,'XA 161',3,'N');
Insert into XDM_TASKS (TASK_ID,ELEM_KEY,PROG_ID,START_DATE,START_WHERE,TEXT,END_DATE,END_WHERE,PAX,REMARKS,FLIGHT_NO,PERS_ID,CXL_YN) values (5513,'6VANAPT',166,to_timestamp('11-10-26 12:55:00,000000000','RR-MM-DD HH24:MI:SS,FF'),'Airport','CjdszoYJURNDGmmZIlzTeWgxWssQuzAnmHEEYlOpNIkophiWODNUoFKYcVJtoZwGYRIfXAOVtkIUDPUlwGljFKM',null,'Scandic Hotel',6,null,'WG 507',4,'N');
Insert into XDM_TASKS (TASK_ID,ELEM_KEY,PROG_ID,START_DATE,START_WHERE,TEXT,END_DATE,END_WHERE,PAX,REMARKS,FLIGHT_NO,PERS_ID,CXL_YN) values (5515,'SEDAPT',166,to_timestamp('11-10-26 13:15:00,000000000','RR-MM-DD HH24:MI:SS,FF'),'Airport','hWACezZtujsi',null,'Scandic Hotel',1,null,'KZ 881',3,'N');
Insert into XDM_TASKS (TASK_ID,ELEM_KEY,PROG_ID,START_DATE,START_WHERE,TEXT,END_DATE,END_WHERE,PAX,REMARKS,FLIGHT_NO,PERS_ID,CXL_YN) values (5516,'SEDAPT',166,to_timestamp('11-10-26 13:20:00,000000000','RR-MM-DD HH24:MI:SS,FF'),'Airport','IrNxxbNBHKSqIgXC',null,'Royal Hotel',1,null,'HH 433',4,'N');
Insert into XDM_TASKS (TASK_ID,ELEM_KEY,PROG_ID,START_DATE,START_WHERE,TEXT,END_DATE,END_WHERE,PAX,REMARKS,FLIGHT_NO,PERS_ID,CXL_YN) values (5411,'40SD2E',162,to_timestamp('11-10-25 21:00:00,000000000','RR-MM-DD HH24:MI:SS,FF'),'The Embassy',null,to_timestamp('11-10-25 23:00:00,000000000','RR-MM-DD HH24:MI:SS,FF'),'Scandic Hotel',40,null,null,2,'N');
Insert into XDM_TASKS (TASK_ID,ELEM_KEY,PROG_ID,START_DATE,START_WHERE,TEXT,END_DATE,END_WHERE,PAX,REMARKS,FLIGHT_NO,PERS_ID,CXL_YN) values (5412,'49SD2E',162,to_timestamp('11-10-25 21:00:00,000000000','RR-MM-DD HH24:MI:SS,FF'),'The Embassy',null,to_timestamp('11-10-25 23:00:00,000000000','RR-MM-DD HH24:MI:SS,FF'),'Scandic Hotel',42,null,null,1,'N');
Insert into XDM_TASKS (TASK_ID,ELEM_KEY,PROG_ID,START_DATE,START_WHERE,TEXT,END_DATE,END_WHERE,PAX,REMARKS,FLIGHT_NO,PERS_ID,CXL_YN) values (5413,'SEDAPT',166,to_timestamp('11-10-23 15:55:00,000000000','RR-MM-DD HH24:MI:SS,FF'),'Airport',null,null,'Scandic Hotel',1,null,'OA 830',4,'N');
Insert into XDM_TASKS (TASK_ID,ELEM_KEY,PROG_ID,START_DATE,START_WHERE,TEXT,END_DATE,END_WHERE,PAX,REMARKS,FLIGHT_NO,PERS_ID,CXL_YN) values (5414,'SEDAPT',166,to_timestamp('11-10-24 15:35:00,000000000','RR-MM-DD HH24:MI:SS,FF'),'Scandic Hotel','OuDTgWOQdoIlpqKWJsGZISSkMbqhiY',null,'Airport',2,null,'MV 982',1,'N');
Insert into XDM_TASKS (TASK_ID,ELEM_KEY,PROG_ID,START_DATE,START_WHERE,TEXT,END_DATE,END_WHERE,PAX,REMARKS,FLIGHT_NO,PERS_ID,CXL_YN) values (5415,'30SAPT',166,to_timestamp('11-10-26 15:25:00,000000000','RR-MM-DD HH24:MI:SS,FF'),'Airport','qcqdoWPnyVFXWptYkiERSrlExaWtAOvEtTRxIEdIsOPdOCrDTQtIZTcnCMXplKrrpWVftXhdxUvhucHRrPCZhXswgomtOVAhllIIZYgQlopTvkFubZOTijnVLIYIshKiGDpTAoidDssdIxqIOBMwFnCwthRRGqzrrfmwYnXfRHwqheeZKlFxVNfzkGlHfhUuXfZhkOnfJJnmShWDSWPbEercmXDDVsapnWYSsRFTvtjnuCDDdAijMLXKDdlGGNUwgLEKycXNPyPyhugQYmmhExzqAJYzfaQbEoytebRtzyhtGEabPXoLLUngUdJeCopUnNrLWyJXkUbLBZSPhMKquEHZSHXhPHNnLZFcCjzAsPWMtGvBqTUxsxtGVPtlFWKwthoDJSPZc',null,'Hilton',25,null,'WN 832',4,'N');
Insert into XDM_TASKS (TASK_ID,ELEM_KEY,PROG_ID,START_DATE,START_WHERE,TEXT,END_DATE,END_WHERE,PAX,REMARKS,FLIGHT_NO,PERS_ID,CXL_YN) values (5418,'SEDAPT',162,to_timestamp('11-10-19 14:10:00,000000000','RR-MM-DD HH24:MI:SS,FF'),'Airport','LFbIevXHQjOaSdMcRBYls',null,'Imperial',1,null,'TQ 378',3,'N');
Insert into XDM_TASKS (TASK_ID,ELEM_KEY,PROG_ID,START_DATE,START_WHERE,TEXT,END_DATE,END_WHERE,PAX,REMARKS,FLIGHT_NO,PERS_ID,CXL_YN) values (5419,'SEDAPT',162,to_timestamp('11-10-19 14:10:00,000000000','RR-MM-DD HH24:MI:SS,FF'),'Airport','qsdnQWqZXqEOFMIcEJ',null,'Imperial',1,null,'EA 454',4,'N');
Insert into XDM_TASKS (TASK_ID,ELEM_KEY,PROG_ID,START_DATE,START_WHERE,TEXT,END_DATE,END_WHERE,PAX,REMARKS,FLIGHT_NO,PERS_ID,CXL_YN) values (5420,'SEDAPT',162,to_timestamp('11-10-19 14:30:00,000000000','RR-MM-DD HH24:MI:SS,FF'),'Airport','byqndDDwJlonUSIuyVyzDS',null,'Imperial',1,null,'YS 390',1,'N');
Insert into XDM_TASKS (TASK_ID,ELEM_KEY,PROG_ID,START_DATE,START_WHERE,TEXT,END_DATE,END_WHERE,PAX,REMARKS,FLIGHT_NO,PERS_ID,CXL_YN) values (5421,'SEDAPT',162,to_timestamp('11-10-19 16:30:00,000000000','RR-MM-DD HH24:MI:SS,FF'),'Airport','NLfoaiviWEQsLOwupmYEK',null,'Imperial',1,null,'DA 369',1,'N');
Insert into XDM_TASKS (TASK_ID,ELEM_KEY,PROG_ID,START_DATE,START_WHERE,TEXT,END_DATE,END_WHERE,PAX,REMARKS,FLIGHT_NO,PERS_ID,CXL_YN) values (5422,'SEDAPT',162,to_timestamp('11-10-19 19:45:00,000000000','RR-MM-DD HH24:MI:SS,FF'),'Airport','LsgkCkDLLvSVGnRVYlZAZ',null,'Imperial',1,null,'BJ 339',3,'N');
Insert into XDM_TASKS (TASK_ID,ELEM_KEY,PROG_ID,START_DATE,START_WHERE,TEXT,END_DATE,END_WHERE,PAX,REMARKS,FLIGHT_NO,PERS_ID,CXL_YN) values (5423,'SEDAPT',162,to_timestamp('11-10-19 21:35:00,000000000','RR-MM-DD HH24:MI:SS,FF'),'Airport','dzCRNyhWaILvyyOPsmuqAsL',null,'Imperial',1,null,'MY 463',3,'N');
Insert into XDM_TASKS (TASK_ID,ELEM_KEY,PROG_ID,START_DATE,START_WHERE,TEXT,END_DATE,END_WHERE,PAX,REMARKS,FLIGHT_NO,PERS_ID,CXL_YN) values (5424,'SEDAPT',162,to_timestamp('11-10-19 21:55:00,000000000','RR-MM-DD HH24:MI:SS,FF'),'Airport','EJhniUqMBEMdFeSZKMWHuRk',null,'Imperial',1,null,'JS 673',1,'N');
Insert into XDM_TASKS (TASK_ID,ELEM_KEY,PROG_ID,START_DATE,START_WHERE,TEXT,END_DATE,END_WHERE,PAX,REMARKS,FLIGHT_NO,PERS_ID,CXL_YN) values (5425,'SEDAPT',162,to_timestamp('11-10-20 08:35:00,000000000','RR-MM-DD HH24:MI:SS,FF'),'Airport','VgEQPmSLdngpzhouYeVoBcR',null,'Imperial',1,null,'BH 108',4,'N');
Insert into XDM_TASKS (TASK_ID,ELEM_KEY,PROG_ID,START_DATE,START_WHERE,TEXT,END_DATE,END_WHERE,PAX,REMARKS,FLIGHT_NO,PERS_ID,CXL_YN) values (5426,'SEDTRA',163,to_timestamp('11-10-20 09:15:00,000000000','RR-MM-DD HH24:MI:SS,FF'),'Airport','oZFJClRchkNxDUm',null,'Marriott Hotel',1,null,'RK 861',3,'N');
Insert into XDM_TASKS (TASK_ID,ELEM_KEY,PROG_ID,START_DATE,START_WHERE,TEXT,END_DATE,END_WHERE,PAX,REMARKS,FLIGHT_NO,PERS_ID,CXL_YN) values (5427,'SEDAPT',162,to_timestamp('11-10-20 09:20:00,000000000','RR-MM-DD HH24:MI:SS,FF'),'Airport','BqplCcnSNyphLIXiYv',null,'Imperial',1,null,'KG 649',4,'N');
Insert into XDM_TASKS (TASK_ID,ELEM_KEY,PROG_ID,START_DATE,START_WHERE,TEXT,END_DATE,END_WHERE,PAX,REMARKS,FLIGHT_NO,PERS_ID,CXL_YN) values (5430,'SEDAPT',162,to_timestamp('11-10-20 11:15:00,000000000','RR-MM-DD HH24:MI:SS,FF'),'Airport','TIXhiUngYbZqaPGVPaybi',null,'Imperial',1,null,'FD 497',2,'N');
Insert into XDM_TASKS (TASK_ID,ELEM_KEY,PROG_ID,START_DATE,START_WHERE,TEXT,END_DATE,END_WHERE,PAX,REMARKS,FLIGHT_NO,PERS_ID,CXL_YN) values (5431,'SEDAPT',166,to_timestamp('11-10-20 11:30:00,000000000','RR-MM-DD HH24:MI:SS,FF'),'Airport','PUtrkBbDlAPNsyu',null,'Scandic Hotel',1,null,'JB 160',1,'N');
Insert into XDM_TASKS (TASK_ID,ELEM_KEY,PROG_ID,START_DATE,START_WHERE,TEXT,END_DATE,END_WHERE,PAX,REMARKS,FLIGHT_NO,PERS_ID,CXL_YN) values (5432,'SEDTRA',165,to_timestamp('11-10-20 11:30:00,000000000','RR-MM-DD HH24:MI:SS,FF'),'Airport','JRcWMyJfK',null,'Island Hotel',1,null,'MV 973',3,'N');
Insert into XDM_TASKS (TASK_ID,ELEM_KEY,PROG_ID,START_DATE,START_WHERE,TEXT,END_DATE,END_WHERE,PAX,REMARKS,FLIGHT_NO,PERS_ID,CXL_YN) values (5434,'7VANTRA',163,to_timestamp('11-10-20 15:45:00,000000000','RR-MM-DD HH24:MI:SS,FF'),'Airport','T',null,'Marriott Hotel',7,null,'UN 979',1,'N');
Insert into XDM_TASKS (TASK_ID,ELEM_KEY,PROG_ID,START_DATE,START_WHERE,TEXT,END_DATE,END_WHERE,PAX,REMARKS,FLIGHT_NO,PERS_ID,CXL_YN) values (5435,'SEDAPT',166,to_timestamp('11-10-20 13:15:00,000000000','RR-MM-DD HH24:MI:SS,FF'),'Airport','XkkhirbYIGsZFwMCPg',null,'Hilton',1,null,'EI 692',2,'N');
Insert into XDM_TASKS (TASK_ID,ELEM_KEY,PROG_ID,START_DATE,START_WHERE,TEXT,END_DATE,END_WHERE,PAX,REMARKS,FLIGHT_NO,PERS_ID,CXL_YN) values (5440,'SEDAPT',162,to_timestamp('11-10-20 15:50:00,000000000','RR-MM-DD HH24:MI:SS,FF'),'Airport','aYCyYvOlNQIOsEZMXfwaYbRvKyOsGd',null,'Marriott Hotel',1,null,'QB 973',4,'N');
Insert into XDM_TASKS (TASK_ID,ELEM_KEY,PROG_ID,START_DATE,START_WHERE,TEXT,END_DATE,END_WHERE,PAX,REMARKS,FLIGHT_NO,PERS_ID,CXL_YN) values (5441,'SEDTRA',1418,to_timestamp('11-10-20 16:35:00,000000000','RR-MM-DD HH24:MI:SS,FF'),'Airport','CqCBZLiqbvIMeUcwgtPJuRRtlkXRqfYQcQSiaavAHfrbvBXypaIJKXX',null,'Hilton',3,null,'FV 567',3,'N');
Insert into XDM_TASKS (TASK_ID,ELEM_KEY,PROG_ID,START_DATE,START_WHERE,TEXT,END_DATE,END_WHERE,PAX,REMARKS,FLIGHT_NO,PERS_ID,CXL_YN) values (5443,'SEDTRA',163,to_timestamp('11-10-20 18:50:00,000000000','RR-MM-DD HH24:MI:SS,FF'),'Airport','ZHkpTosaLgaACwEDrlyRhDEUGmgqZU',null,'Marriott Hotel',2,null,'QX 825',2,'N');
Insert into XDM_TASKS (TASK_ID,ELEM_KEY,PROG_ID,START_DATE,START_WHERE,TEXT,END_DATE,END_WHERE,PAX,REMARKS,FLIGHT_NO,PERS_ID,CXL_YN) values (5445,'6VANAPT',166,to_timestamp('11-10-26 13:40:00,000000000','RR-MM-DD HH24:MI:SS,FF'),'Airport','sfNWAQUbYZxuXtOgzaCajiNAVaLrlALfVkMEoZuFBygHasnONPONzVuOFYOlQfHtJKyMTJmAZihJaBOjqZEk',null,'Royal Hotel',5,null,'VK 127',2,'N');
Insert into XDM_TASKS (TASK_ID,ELEM_KEY,PROG_ID,START_DATE,START_WHERE,TEXT,END_DATE,END_WHERE,PAX,REMARKS,FLIGHT_NO,PERS_ID,CXL_YN) values (5446,'SEDAPT',166,to_timestamp('11-10-26 13:40:00,000000000','RR-MM-DD HH24:MI:SS,FF'),'Airport','VFubJbqEFCzLJfTtCZOmyvWaWJxvxTWmlB',null,'Hilton',2,null,'EO 363',3,'N');
Insert into XDM_TASKS (TASK_ID,ELEM_KEY,PROG_ID,START_DATE,START_WHERE,TEXT,END_DATE,END_WHERE,PAX,REMARKS,FLIGHT_NO,PERS_ID,CXL_YN) values (5449,'SEDAPT',166,to_timestamp('11-10-26 14:00:00,000000000','RR-MM-DD HH24:MI:SS,FF'),'Airport','EoaruEuVDtwzsU',null,'Royal Hotel',1,null,'AE 847',4,'N');
Insert into XDM_TASKS (TASK_ID,ELEM_KEY,PROG_ID,START_DATE,START_WHERE,TEXT,END_DATE,END_WHERE,PAX,REMARKS,FLIGHT_NO,PERS_ID,CXL_YN) values (5454,'SEDAPT',166,to_timestamp('11-10-26 15:00:00,000000000','RR-MM-DD HH24:MI:SS,FF'),'Airport','WlWEUsgaQpaxHII',null,'Scandic Hotel',1,null,'TN 154',2,'N');
Insert into XDM_TASKS (TASK_ID,ELEM_KEY,PROG_ID,START_DATE,START_WHERE,TEXT,END_DATE,END_WHERE,PAX,REMARKS,FLIGHT_NO,PERS_ID,CXL_YN) values (5456,'68STRA',1033,to_timestamp('11-10-18 08:30:00,000000000','RR-MM-DD HH24:MI:SS,FF'),'Hilton','RzyWKuVuwNQym',null,'University Campus',130,null,null,4,'N');
Insert into XDM_TASKS (TASK_ID,ELEM_KEY,PROG_ID,START_DATE,START_WHERE,TEXT,END_DATE,END_WHERE,PAX,REMARKS,FLIGHT_NO,PERS_ID,CXL_YN) values (5458,'16STRA',167,to_timestamp('11-10-24 20:30:00,000000000','RR-MM-DD HH24:MI:SS,FF'),'Royal Hotel',null,null,'Tivoli',14,null,null,3,'N');
Insert into XDM_TASKS (TASK_ID,ELEM_KEY,PROG_ID,START_DATE,START_WHERE,TEXT,END_DATE,END_WHERE,PAX,REMARKS,FLIGHT_NO,PERS_ID,CXL_YN) values (5459,'16STRA',167,to_timestamp('11-10-24 20:30:00,000000000','RR-MM-DD HH24:MI:SS,FF'),'Royal Hotel',null,null,'Tivoli',14,null,null,3,'N');
Insert into XDM_TASKS (TASK_ID,ELEM_KEY,PROG_ID,START_DATE,START_WHERE,TEXT,END_DATE,END_WHERE,PAX,REMARKS,FLIGHT_NO,PERS_ID,CXL_YN) values (5460,'30SAPTE',1033,to_timestamp('11-10-18 08:30:00,000000000','RR-MM-DD HH24:MI:SS,FF'),'Hilton','cEWYkdPcpGkEJ',null,'University Campus',30,null,null,1,'N');
Insert into XDM_TASKS (TASK_ID,ELEM_KEY,PROG_ID,START_DATE,START_WHERE,TEXT,END_DATE,END_WHERE,PAX,REMARKS,FLIGHT_NO,PERS_ID,CXL_YN) values (5463,'16STRA',168,to_timestamp('11-10-21 16:10:00,000000000','RR-MM-DD HH24:MI:SS,FF'),'Airport',null,null,'Grand Hotel',8,null,'JN 287',3,'N');
Insert into XDM_TASKS (TASK_ID,ELEM_KEY,PROG_ID,START_DATE,START_WHERE,TEXT,END_DATE,END_WHERE,PAX,REMARKS,FLIGHT_NO,PERS_ID,CXL_YN) values (5464,'57STRA',162,to_timestamp('11-10-25 19:00:00,000000000','RR-MM-DD HH24:MI:SS,FF'),'Island Hotel',null,to_timestamp('11-10-25 23:00:00,000000000','RR-MM-DD HH24:MI:SS,FF'),'The Embassy',50,null,null,3,'N');
Insert into XDM_TASKS (TASK_ID,ELEM_KEY,PROG_ID,START_DATE,START_WHERE,TEXT,END_DATE,END_WHERE,PAX,REMARKS,FLIGHT_NO,PERS_ID,CXL_YN) values (5467,'SEDAPT',1421,to_timestamp('11-10-21 23:20:00,000000000','RR-MM-DD HH24:MI:SS,FF'),'Airport','XYvHzwBNUrPCQruAvhon',null,'Scandic Hotel',1,null,'GG 536',4,'N');
Insert into XDM_TASKS (TASK_ID,ELEM_KEY,PROG_ID,START_DATE,START_WHERE,TEXT,END_DATE,END_WHERE,PAX,REMARKS,FLIGHT_NO,PERS_ID,CXL_YN) values (5469,'SEDAPT',2724,to_timestamp('11-10-26 07:00:00,000000000','RR-MM-DD HH24:MI:SS,FF'),'Royal Hotel','bzIFihwAihgGzydeg',null,'Airport',1,null,'JN 134',1,'N');
Insert into XDM_TASKS (TASK_ID,ELEM_KEY,PROG_ID,START_DATE,START_WHERE,TEXT,END_DATE,END_WHERE,PAX,REMARKS,FLIGHT_NO,PERS_ID,CXL_YN) values (5334,'49SCITYEV',166,to_timestamp('11-10-25 22:30:00,000000000','RR-MM-DD HH24:MI:SS,FF'),'La Brasserie',null,null,'Various hotels',null,null,null,4,'N');
Insert into XDM_TASKS (TASK_ID,ELEM_KEY,PROG_ID,START_DATE,START_WHERE,TEXT,END_DATE,END_WHERE,PAX,REMARKS,FLIGHT_NO,PERS_ID,CXL_YN) values (5335,'49SCITYEV',166,to_timestamp('11-10-25 22:30:00,000000000','RR-MM-DD HH24:MI:SS,FF'),'La Brasserie',null,null,'Various hotels',null,null,null,4,'N');
Insert into XDM_TASKS (TASK_ID,ELEM_KEY,PROG_ID,START_DATE,START_WHERE,TEXT,END_DATE,END_WHERE,PAX,REMARKS,FLIGHT_NO,PERS_ID,CXL_YN) values (5336,'49SCITYEV',166,to_timestamp('11-10-25 22:30:00,000000000','RR-MM-DD HH24:MI:SS,FF'),'La Brasserie',null,null,'Various hotels',null,null,null,1,'N');
Insert into XDM_TASKS (TASK_ID,ELEM_KEY,PROG_ID,START_DATE,START_WHERE,TEXT,END_DATE,END_WHERE,PAX,REMARKS,FLIGHT_NO,PERS_ID,CXL_YN) values (5337,'49SCITYEV',166,to_timestamp('11-10-25 22:30:00,000000000','RR-MM-DD HH24:MI:SS,FF'),'La Brasserie',null,null,'Various hotels',null,null,null,4,'N');
Insert into XDM_TASKS (TASK_ID,ELEM_KEY,PROG_ID,START_DATE,START_WHERE,TEXT,END_DATE,END_WHERE,PAX,REMARKS,FLIGHT_NO,PERS_ID,CXL_YN) values (5338,'49SCITYEV',166,to_timestamp('11-10-25 22:30:00,000000000','RR-MM-DD HH24:MI:SS,FF'),'La Brasserie',null,null,'Various hotels',null,null,null,3,'N');
Insert into XDM_TASKS (TASK_ID,ELEM_KEY,PROG_ID,START_DATE,START_WHERE,TEXT,END_DATE,END_WHERE,PAX,REMARKS,FLIGHT_NO,PERS_ID,CXL_YN) values (5339,'49SCITYEV',166,to_timestamp('11-10-25 22:30:00,000000000','RR-MM-DD HH24:MI:SS,FF'),'La Brasserie',null,null,'Various hotels',null,null,null,2,'N');
Insert into XDM_TASKS (TASK_ID,ELEM_KEY,PROG_ID,START_DATE,START_WHERE,TEXT,END_DATE,END_WHERE,PAX,REMARKS,FLIGHT_NO,PERS_ID,CXL_YN) values (5340,'49SCITYEV',166,to_timestamp('11-10-25 22:30:00,000000000','RR-MM-DD HH24:MI:SS,FF'),'La Brasserie',null,null,'Various hotels',null,null,null,3,'N');
Insert into XDM_TASKS (TASK_ID,ELEM_KEY,PROG_ID,START_DATE,START_WHERE,TEXT,END_DATE,END_WHERE,PAX,REMARKS,FLIGHT_NO,PERS_ID,CXL_YN) values (5341,'49SCITYEV',166,to_timestamp('11-10-25 22:30:00,000000000','RR-MM-DD HH24:MI:SS,FF'),'La Brasserie',null,null,'Various hotels',null,null,null,2,'N');
Insert into XDM_TASKS (TASK_ID,ELEM_KEY,PROG_ID,START_DATE,START_WHERE,TEXT,END_DATE,END_WHERE,PAX,REMARKS,FLIGHT_NO,PERS_ID,CXL_YN) values (5342,'49SCITYEV',166,to_timestamp('11-10-25 22:30:00,000000000','RR-MM-DD HH24:MI:SS,FF'),'La Brasserie',null,null,'Various hotels',null,null,null,4,'N');
Insert into XDM_TASKS (TASK_ID,ELEM_KEY,PROG_ID,START_DATE,START_WHERE,TEXT,END_DATE,END_WHERE,PAX,REMARKS,FLIGHT_NO,PERS_ID,CXL_YN) values (5343,'49SCITYEV',166,to_timestamp('11-10-25 22:30:00,000000000','RR-MM-DD HH24:MI:SS,FF'),'La Brasserie',null,null,'Various hotels',null,null,null,3,'N');
Insert into XDM_TASKS (TASK_ID,ELEM_KEY,PROG_ID,START_DATE,START_WHERE,TEXT,END_DATE,END_WHERE,PAX,REMARKS,FLIGHT_NO,PERS_ID,CXL_YN) values (5344,'81STRA',162,to_timestamp('11-10-26 07:30:00,000000000','RR-MM-DD HH24:MI:SS,FF'),'Scandic Hotel',null,null,'Conference Center',81,null,null,4,'N');
Insert into XDM_TASKS (TASK_ID,ELEM_KEY,PROG_ID,START_DATE,START_WHERE,TEXT,END_DATE,END_WHERE,PAX,REMARKS,FLIGHT_NO,PERS_ID,CXL_YN) values (5345,'68STRA',162,to_timestamp('11-10-26 07:30:00,000000000','RR-MM-DD HH24:MI:SS,FF'),'Scandic Hotel',null,null,'Conference Center',68,null,null,1,'N');
Insert into XDM_TASKS (TASK_ID,ELEM_KEY,PROG_ID,START_DATE,START_WHERE,TEXT,END_DATE,END_WHERE,PAX,REMARKS,FLIGHT_NO,PERS_ID,CXL_YN) values (5348,'49STRA',165,to_timestamp('11-10-26 10:00:00,000000000','RR-MM-DD HH24:MI:SS,FF'),'Island Hotel',null,null,'Airport',41,null,'HR 389',3,'N');
Insert into XDM_TASKS (TASK_ID,ELEM_KEY,PROG_ID,START_DATE,START_WHERE,TEXT,END_DATE,END_WHERE,PAX,REMARKS,FLIGHT_NO,PERS_ID,CXL_YN) values (5349,'SEDTRA',163,to_timestamp('11-10-26 11:45:00,000000000','RR-MM-DD HH24:MI:SS,FF'),'Marriott','JSjWhhqOTvGjdwvnMWf',null,'Airport',3,null,'ZW 295',3,'N');
Insert into XDM_TASKS (TASK_ID,ELEM_KEY,PROG_ID,START_DATE,START_WHERE,TEXT,END_DATE,END_WHERE,PAX,REMARKS,FLIGHT_NO,PERS_ID,CXL_YN) values (5350,'57STRA',162,to_timestamp('11-10-25 19:00:00,000000000','RR-MM-DD HH24:MI:SS,FF'),'Island Hotel',null,null,'The Embassy',49,null,null,4,'N');
Insert into XDM_TASKS (TASK_ID,ELEM_KEY,PROG_ID,START_DATE,START_WHERE,TEXT,END_DATE,END_WHERE,PAX,REMARKS,FLIGHT_NO,PERS_ID,CXL_YN) values (5352,'SEDAPT',166,to_timestamp('11-10-20 11:05:00,000000000','RR-MM-DD HH24:MI:SS,FF'),'Airport','tRtDMHDMtVdbBI',null,'Hilton',1,null,'JA 255',4,'N');
Insert into XDM_TASKS (TASK_ID,ELEM_KEY,PROG_ID,START_DATE,START_WHERE,TEXT,END_DATE,END_WHERE,PAX,REMARKS,FLIGHT_NO,PERS_ID,CXL_YN) values (5358,'16STRA',167,to_timestamp('11-10-24 20:30:00,000000000','RR-MM-DD HH24:MI:SS,FF'),'Royal Hotel',null,null,'Tivoli',14,null,null,3,'N');
Insert into XDM_TASKS (TASK_ID,ELEM_KEY,PROG_ID,START_DATE,START_WHERE,TEXT,END_DATE,END_WHERE,PAX,REMARKS,FLIGHT_NO,PERS_ID,CXL_YN) values (5359,'16STRA',167,to_timestamp('11-10-24 20:30:00,000000000','RR-MM-DD HH24:MI:SS,FF'),'Royal Hotel',null,null,'Tivoli',14,null,null,1,'N');
Insert into XDM_TASKS (TASK_ID,ELEM_KEY,PROG_ID,START_DATE,START_WHERE,TEXT,END_DATE,END_WHERE,PAX,REMARKS,FLIGHT_NO,PERS_ID,CXL_YN) values (5360,'16STRA',167,to_timestamp('11-10-24 20:30:00,000000000','RR-MM-DD HH24:MI:SS,FF'),'Royal Hotel',null,null,'Tivoli',14,null,null,1,'N');
Insert into XDM_TASKS (TASK_ID,ELEM_KEY,PROG_ID,START_DATE,START_WHERE,TEXT,END_DATE,END_WHERE,PAX,REMARKS,FLIGHT_NO,PERS_ID,CXL_YN) values (5361,'16STRA',167,to_timestamp('11-10-24 20:30:00,000000000','RR-MM-DD HH24:MI:SS,FF'),'Royal Hotel',null,null,'Tivoli',14,null,null,3,'N');
Insert into XDM_TASKS (TASK_ID,ELEM_KEY,PROG_ID,START_DATE,START_WHERE,TEXT,END_DATE,END_WHERE,PAX,REMARKS,FLIGHT_NO,PERS_ID,CXL_YN) values (5362,'16STRA',167,to_timestamp('11-10-24 20:30:00,000000000','RR-MM-DD HH24:MI:SS,FF'),'Royal Hotel',null,null,'Tivoli',14,null,null,2,'N');
Insert into XDM_TASKS (TASK_ID,ELEM_KEY,PROG_ID,START_DATE,START_WHERE,TEXT,END_DATE,END_WHERE,PAX,REMARKS,FLIGHT_NO,PERS_ID,CXL_YN) values (5363,'16STRA',167,to_timestamp('11-10-24 20:30:00,000000000','RR-MM-DD HH24:MI:SS,FF'),'Royal Hotel',null,null,'Tivoli',14,null,null,2,'N');
Insert into XDM_TASKS (TASK_ID,ELEM_KEY,PROG_ID,START_DATE,START_WHERE,TEXT,END_DATE,END_WHERE,PAX,REMARKS,FLIGHT_NO,PERS_ID,CXL_YN) values (5364,'16STRA',167,to_timestamp('11-10-24 20:30:00,000000000','RR-MM-DD HH24:MI:SS,FF'),'Royal Hotel',null,null,'Tivoli',14,null,null,4,'N');
Insert into XDM_TASKS (TASK_ID,ELEM_KEY,PROG_ID,START_DATE,START_WHERE,TEXT,END_DATE,END_WHERE,PAX,REMARKS,FLIGHT_NO,PERS_ID,CXL_YN) values (5365,'30SAPTE',1033,to_timestamp('11-10-18 08:30:00,000000000','RR-MM-DD HH24:MI:SS,FF'),'Hilton','fwKSzvIaLoihr',null,'University Campus',30,null,null,1,'N');
Insert into XDM_TASKS (TASK_ID,ELEM_KEY,PROG_ID,START_DATE,START_WHERE,TEXT,END_DATE,END_WHERE,PAX,REMARKS,FLIGHT_NO,PERS_ID,CXL_YN) values (5366,'SEDAPT',166,to_timestamp('11-10-20 11:05:00,000000000','RR-MM-DD HH24:MI:SS,FF'),'Airport','kcvCdfOCUnCQWv',null,'Hilton',1,null,'KB 557',4,'N');
Insert into XDM_TASKS (TASK_ID,ELEM_KEY,PROG_ID,START_DATE,START_WHERE,TEXT,END_DATE,END_WHERE,PAX,REMARKS,FLIGHT_NO,PERS_ID,CXL_YN) values (5367,'SEDAPT',166,to_timestamp('11-10-21 09:10:00,000000000','RR-MM-DD HH24:MI:SS,FF'),'Airport','tUCShoTyMmWHLOB',null,'Hilton',1,null,'MN 639',1,'N');
Insert into XDM_TASKS (TASK_ID,ELEM_KEY,PROG_ID,START_DATE,START_WHERE,TEXT,END_DATE,END_WHERE,PAX,REMARKS,FLIGHT_NO,PERS_ID,CXL_YN) values (5369,'SEDAPT',166,to_timestamp('11-10-21 21:35:00,000000000','RR-MM-DD HH24:MI:SS,FF'),'Airport','UWTaeFKhuNqdHZKf',null,'Royal Hotel',1,null,'JM 111',3,'N');
Insert into XDM_TASKS (TASK_ID,ELEM_KEY,PROG_ID,START_DATE,START_WHERE,TEXT,END_DATE,END_WHERE,PAX,REMARKS,FLIGHT_NO,PERS_ID,CXL_YN) values (5370,'SEDAPT',166,to_timestamp('11-10-22 07:10:00,000000000','RR-MM-DD HH24:MI:SS,FF'),'Airport','kxPLVibPYmmos',null,'Hilton',1,null,'UO 135',1,'N');
Insert into XDM_TASKS (TASK_ID,ELEM_KEY,PROG_ID,START_DATE,START_WHERE,TEXT,END_DATE,END_WHERE,PAX,REMARKS,FLIGHT_NO,PERS_ID,CXL_YN) values (5371,'6VANAPT',166,to_timestamp('11-10-21 15:30:00,000000000','RR-MM-DD HH24:MI:SS,FF'),'Airport','vOIweyaYQtNLRlHgraPEzSlNoOsJGPXBYpqroD',null,'Royal Hotel',3,null,'BN 887',1,'N');
Insert into XDM_TASKS (TASK_ID,ELEM_KEY,PROG_ID,START_DATE,START_WHERE,TEXT,END_DATE,END_WHERE,PAX,REMARKS,FLIGHT_NO,PERS_ID,CXL_YN) values (5372,'SEDAPT',166,to_timestamp('11-10-21 19:50:00,000000000','RR-MM-DD HH24:MI:SS,FF'),'Airport','gpEtvPBSBaBedmEa',null,'Hilton',1,null,'WW 358',1,'N');
Insert into XDM_TASKS (TASK_ID,ELEM_KEY,PROG_ID,START_DATE,START_WHERE,TEXT,END_DATE,END_WHERE,PAX,REMARKS,FLIGHT_NO,PERS_ID,CXL_YN) values (5374,'6VANAPT',166,to_timestamp('11-10-21 11:15:00,000000000','RR-MM-DD HH24:MI:SS,FF'),'Airport','BCGenxyVqFXWUpwnpOtZVWBvDcLpaAeHrtzjQJorq',null,'Hilton',3,null,'LP 406',3,'N');
Insert into XDM_TASKS (TASK_ID,ELEM_KEY,PROG_ID,START_DATE,START_WHERE,TEXT,END_DATE,END_WHERE,PAX,REMARKS,FLIGHT_NO,PERS_ID,CXL_YN) values (5375,'SEDAPT',166,to_timestamp('11-10-22 09:20:00,000000000','RR-MM-DD HH24:MI:SS,FF'),'Airport','KJKiSjAEXKVMyXFeRTOxcchzXFlyl',null,'Royal Hotel',2,null,'OX 644',3,'N');
Insert into XDM_TASKS (TASK_ID,ELEM_KEY,PROG_ID,START_DATE,START_WHERE,TEXT,END_DATE,END_WHERE,PAX,REMARKS,FLIGHT_NO,PERS_ID,CXL_YN) values (5381,'49SD2E',166,to_timestamp('11-10-25 21:30:00,000000000','RR-MM-DD HH24:MI:SS,FF'),'La Brasserie',null,to_timestamp('11-10-25 23:45:00,000000000','RR-MM-DD HH24:MI:SS,FF'),'Hilton',45,null,null,2,'N');
Insert into XDM_TASKS (TASK_ID,ELEM_KEY,PROG_ID,START_DATE,START_WHERE,TEXT,END_DATE,END_WHERE,PAX,REMARKS,FLIGHT_NO,PERS_ID,CXL_YN) values (5382,'49SD2E',166,to_timestamp('11-10-25 21:30:00,000000000','RR-MM-DD HH24:MI:SS,FF'),'La Brasserie',null,to_timestamp('11-10-25 23:45:00,000000000','RR-MM-DD HH24:MI:SS,FF'),'Hilton',45,null,null,1,'N');
Insert into XDM_TASKS (TASK_ID,ELEM_KEY,PROG_ID,START_DATE,START_WHERE,TEXT,END_DATE,END_WHERE,PAX,REMARKS,FLIGHT_NO,PERS_ID,CXL_YN) values (5384,'49SD2E',166,to_timestamp('11-10-25 21:30:00,000000000','RR-MM-DD HH24:MI:SS,FF'),'La Brasserie',null,to_timestamp('11-10-25 23:45:00,000000000','RR-MM-DD HH24:MI:SS,FF'),'Scandic Hotel',47,null,null,3,'N');
Insert into XDM_TASKS (TASK_ID,ELEM_KEY,PROG_ID,START_DATE,START_WHERE,TEXT,END_DATE,END_WHERE,PAX,REMARKS,FLIGHT_NO,PERS_ID,CXL_YN) values (5386,'16SD2E',166,to_timestamp('11-10-25 21:30:00,000000000','RR-MM-DD HH24:MI:SS,FF'),'La Brasserie',null,to_timestamp('11-10-25 23:45:00,000000000','RR-MM-DD HH24:MI:SS,FF'),'Scandic Hotel',30,null,null,4,'N');
Insert into XDM_TASKS (TASK_ID,ELEM_KEY,PROG_ID,START_DATE,START_WHERE,TEXT,END_DATE,END_WHERE,PAX,REMARKS,FLIGHT_NO,PERS_ID,CXL_YN) values (5389,'SEDTRA',165,to_timestamp('11-10-24 08:00:00,000000000','RR-MM-DD HH24:MI:SS,FF'),'Island Hotel','EENpr',null,'Airport',1,null,'GN 606',3,'N');
Insert into XDM_TASKS (TASK_ID,ELEM_KEY,PROG_ID,START_DATE,START_WHERE,TEXT,END_DATE,END_WHERE,PAX,REMARKS,FLIGHT_NO,PERS_ID,CXL_YN) values (5390,'SEDAPT',1036,to_timestamp('11-10-21 14:10:00,000000000','RR-MM-DD HH24:MI:SS,FF'),'Airport','QWeJMWHRSvWQhBKuwb',null,'Scandic Hotel',1,null,'ML 295',1,'N');
Insert into XDM_TASKS (TASK_ID,ELEM_KEY,PROG_ID,START_DATE,START_WHERE,TEXT,END_DATE,END_WHERE,PAX,REMARKS,FLIGHT_NO,PERS_ID,CXL_YN) values (5391,'SEDAPT',1036,to_timestamp('11-10-26 07:30:00,000000000','RR-MM-DD HH24:MI:SS,FF'),'Scandic Hotel','TavJYwTmHOCsDQh',null,'Airport',1,null,'IG 132',2,'N');
Insert into XDM_TASKS (TASK_ID,ELEM_KEY,PROG_ID,START_DATE,START_WHERE,TEXT,END_DATE,END_WHERE,PAX,REMARKS,FLIGHT_NO,PERS_ID,CXL_YN) values (5394,'6VANAPT',2724,to_timestamp('11-10-25 08:30:00,000000000','RR-MM-DD HH24:MI:SS,FF'),'Royal Hotel','eMGdFdnOBJOcmOZG',null,'Airport',4,null,'RS 101',4,'N');
Insert into XDM_TASKS (TASK_ID,ELEM_KEY,PROG_ID,START_DATE,START_WHERE,TEXT,END_DATE,END_WHERE,PAX,REMARKS,FLIGHT_NO,PERS_ID,CXL_YN) values (5395,'SEDAPT',166,to_timestamp('11-10-22 07:10:00,000000000','RR-MM-DD HH24:MI:SS,FF'),'Airport','qzqvCHYuBRPCu',null,'Hilton',2,null,'FB 809',3,'N');
Insert into XDM_TASKS (TASK_ID,ELEM_KEY,PROG_ID,START_DATE,START_WHERE,TEXT,END_DATE,END_WHERE,PAX,REMARKS,FLIGHT_NO,PERS_ID,CXL_YN) values (5396,'SEDAPT',166,to_timestamp('11-10-22 11:00:00,000000000','RR-MM-DD HH24:MI:SS,FF'),'Airport','tcjpTYvHnmQwxkX',null,'Scandic Hotel',2,null,'NK 152',3,'N');
Insert into XDM_TASKS (TASK_ID,ELEM_KEY,PROG_ID,START_DATE,START_WHERE,TEXT,END_DATE,END_WHERE,PAX,REMARKS,FLIGHT_NO,PERS_ID,CXL_YN) values (5397,'6VANAPT',166,to_timestamp('11-10-22 11:30:00,000000000','RR-MM-DD HH24:MI:SS,FF'),'Airport','moVCipzDQOffeWfAWQyrcmYtCLWnxaSpvuwjHPGLI',null,'Hilton',4,null,'XE 605',3,'N');
Insert into XDM_TASKS (TASK_ID,ELEM_KEY,PROG_ID,START_DATE,START_WHERE,TEXT,END_DATE,END_WHERE,PAX,REMARKS,FLIGHT_NO,PERS_ID,CXL_YN) values (5398,'6VANAPT',166,to_timestamp('11-10-22 11:35:00,000000000','RR-MM-DD HH24:MI:SS,FF'),'Airport','IOTpEwdEkHZjJRpAspfQStLJcPmlmLeYML',null,'Royal Hotel',4,null,'PL 526',4,'N');
Insert into XDM_TASKS (TASK_ID,ELEM_KEY,PROG_ID,START_DATE,START_WHERE,TEXT,END_DATE,END_WHERE,PAX,REMARKS,FLIGHT_NO,PERS_ID,CXL_YN) values (5400,'SEDAPT',166,to_timestamp('11-10-22 21:25:00,000000000','RR-MM-DD HH24:MI:SS,FF'),'Airport','vvPhIDzFnNGBYXk',null,'Hilton',1,null,'OY 934',3,'N');
Insert into XDM_TASKS (TASK_ID,ELEM_KEY,PROG_ID,START_DATE,START_WHERE,TEXT,END_DATE,END_WHERE,PAX,REMARKS,FLIGHT_NO,PERS_ID,CXL_YN) values (5403,'SEDAPT',166,to_timestamp('11-10-21 17:20:00,000000000','RR-MM-DD HH24:MI:SS,FF'),'Airport','APqyIgcawGqVPIo',null,'Hilton',1,null,'UO 861',3,'N');
Insert into XDM_TASKS (TASK_ID,ELEM_KEY,PROG_ID,START_DATE,START_WHERE,TEXT,END_DATE,END_WHERE,PAX,REMARKS,FLIGHT_NO,PERS_ID,CXL_YN) values (5404,'6VANCIBC',2724,to_timestamp('11-10-23 07:15:00,000000000','RR-MM-DD HH24:MI:SS,FF'),'Royal Hotel','PqiLwMyLYyCcCRcKEOvmV',null,'Conference Center',5,null,null,2,'N');
Insert into XDM_TASKS (TASK_ID,ELEM_KEY,PROG_ID,START_DATE,START_WHERE,TEXT,END_DATE,END_WHERE,PAX,REMARKS,FLIGHT_NO,PERS_ID,CXL_YN) values (5405,'6VANCIBC',2724,to_timestamp('11-10-24 07:00:00,000000000','RR-MM-DD HH24:MI:SS,FF'),'Royal Hotel','neyTqAeWSRVdQadTzGayS',null,'Conference Center',5,null,null,2,'N');
Insert into XDM_TASKS (TASK_ID,ELEM_KEY,PROG_ID,START_DATE,START_WHERE,TEXT,END_DATE,END_WHERE,PAX,REMARKS,FLIGHT_NO,PERS_ID,CXL_YN) values (5407,'40SCIBC',166,to_timestamp('11-10-26 08:30:00,000000000','RR-MM-DD HH24:MI:SS,FF'),'Hilton','COdGVRjlDhOmuwRc',null,'Conference Center',40,null,null,4,'N');
Insert into XDM_TASKS (TASK_ID,ELEM_KEY,PROG_ID,START_DATE,START_WHERE,TEXT,END_DATE,END_WHERE,PAX,REMARKS,FLIGHT_NO,PERS_ID,CXL_YN) values (5409,'SEDAPT',166,to_timestamp('11-10-22 18:10:00,000000000','RR-MM-DD HH24:MI:SS,FF'),'Airport','xxPncNwZVqsYh',null,'Hilton',1,null,'US 148',2,'N');
Insert into XDM_TASKS (TASK_ID,ELEM_KEY,PROG_ID,START_DATE,START_WHERE,TEXT,END_DATE,END_WHERE,PAX,REMARKS,FLIGHT_NO,PERS_ID,CXL_YN) values (5256,'16SCIBC',166,to_timestamp('11-10-26 13:30:00,000000000','RR-MM-DD HH24:MI:SS,FF'),'Conference Center',null,null,'The Lobster',6,null,null,3,'N');
Insert into XDM_TASKS (TASK_ID,ELEM_KEY,PROG_ID,START_DATE,START_WHERE,TEXT,END_DATE,END_WHERE,PAX,REMARKS,FLIGHT_NO,PERS_ID,CXL_YN) values (5257,'SEDTRA',165,to_timestamp('11-10-26 13:30:00,000000000','RR-MM-DD HH24:MI:SS,FF'),'Island Hotel','eWkbPzDQXLTwl',null,'Airport',2,null,'EV 902',3,'N');
Insert into XDM_TASKS (TASK_ID,ELEM_KEY,PROG_ID,START_DATE,START_WHERE,TEXT,END_DATE,END_WHERE,PAX,REMARKS,FLIGHT_NO,PERS_ID,CXL_YN) values (5258,'SEDTRA',165,to_timestamp('11-10-26 14:00:00,000000000','RR-MM-DD HH24:MI:SS,FF'),'Island Hotel','GzzHOvzUqALPbXNqMv',null,'Airport',2,null,'FD 801',3,'N');
Insert into XDM_TASKS (TASK_ID,ELEM_KEY,PROG_ID,START_DATE,START_WHERE,TEXT,END_DATE,END_WHERE,PAX,REMARKS,FLIGHT_NO,PERS_ID,CXL_YN) values (5259,'SEDAPT',162,to_timestamp('11-10-26 14:00:00,000000000','RR-MM-DD HH24:MI:SS,FF'),'Imperial Hotel','gtzHIZOeFvPTfXTyVuozd',null,'Airport',1,null,'BS 337',4,'N');
Insert into XDM_TASKS (TASK_ID,ELEM_KEY,PROG_ID,START_DATE,START_WHERE,TEXT,END_DATE,END_WHERE,PAX,REMARKS,FLIGHT_NO,PERS_ID,CXL_YN) values (5260,'SEDTRA',163,to_timestamp('11-10-26 14:15:00,000000000','RR-MM-DD HH24:MI:SS,FF'),'Marriott','xeGtxHoGLzxQLaFKUeECeOfsKy',null,'Airport',2,null,'WC 923',4,'N');
Insert into XDM_TASKS (TASK_ID,ELEM_KEY,PROG_ID,START_DATE,START_WHERE,TEXT,END_DATE,END_WHERE,PAX,REMARKS,FLIGHT_NO,PERS_ID,CXL_YN) values (5261,'SEDAPT',162,to_timestamp('11-10-26 14:30:00,000000000','RR-MM-DD HH24:MI:SS,FF'),'Scandic Hotel','hJPXqnqCaqHwOlOc',null,'Airport',1,null,'BZ 117',2,'N');
Insert into XDM_TASKS (TASK_ID,ELEM_KEY,PROG_ID,START_DATE,START_WHERE,TEXT,END_DATE,END_WHERE,PAX,REMARKS,FLIGHT_NO,PERS_ID,CXL_YN) values (5262,'SEDAPT',162,to_timestamp('11-10-26 14:50:00,000000000','RR-MM-DD HH24:MI:SS,FF'),'Imperial Hotel','VGqYqsxDXYCfVHdnDMfft',null,'Airport',1,null,'KM 172',2,'N');
Insert into XDM_TASKS (TASK_ID,ELEM_KEY,PROG_ID,START_DATE,START_WHERE,TEXT,END_DATE,END_WHERE,PAX,REMARKS,FLIGHT_NO,PERS_ID,CXL_YN) values (5263,'SEDAPT',1036,to_timestamp('11-10-26 10:00:00,000000000','RR-MM-DD HH24:MI:SS,FF'),'Scandic Hotel','CBYHSWUviGaIUnWkHBE',null,'Airport',1,null,'ET 318',3,'N');
Insert into XDM_TASKS (TASK_ID,ELEM_KEY,PROG_ID,START_DATE,START_WHERE,TEXT,END_DATE,END_WHERE,PAX,REMARKS,FLIGHT_NO,PERS_ID,CXL_YN) values (5264,'6VANTRA',1421,to_timestamp('11-10-26 15:00:00,000000000','RR-MM-DD HH24:MI:SS,FF'),'Scandic Hotel','iSDMvTpeDmbInPAcYNtlbEdgtqBGPfsmeiroWrCKFydiy',null,'Airport',3,null,'TU 503',4,'N');
Insert into XDM_TASKS (TASK_ID,ELEM_KEY,PROG_ID,START_DATE,START_WHERE,TEXT,END_DATE,END_WHERE,PAX,REMARKS,FLIGHT_NO,PERS_ID,CXL_YN) values (5266,'SEDAPT',1036,to_timestamp('11-10-26 15:25:00,000000000','RR-MM-DD HH24:MI:SS,FF'),'Scandic Hotel','VTxJGCndLWUaLgNbW',null,'Airport',1,null,'MG 974',4,'N');
Insert into XDM_TASKS (TASK_ID,ELEM_KEY,PROG_ID,START_DATE,START_WHERE,TEXT,END_DATE,END_WHERE,PAX,REMARKS,FLIGHT_NO,PERS_ID,CXL_YN) values (5267,'16STRA',163,to_timestamp('11-10-26 15:30:00,000000000','RR-MM-DD HH24:MI:SS,FF'),'Marriott',null,null,'Airport',16,null,'BD 962',2,'N');
Insert into XDM_TASKS (TASK_ID,ELEM_KEY,PROG_ID,START_DATE,START_WHERE,TEXT,END_DATE,END_WHERE,PAX,REMARKS,FLIGHT_NO,PERS_ID,CXL_YN) values (5268,'30STRA',165,to_timestamp('11-10-26 15:30:00,000000000','RR-MM-DD HH24:MI:SS,FF'),'Island Hotel',null,null,'Airport',29,null,'CV 597',3,'N');
Insert into XDM_TASKS (TASK_ID,ELEM_KEY,PROG_ID,START_DATE,START_WHERE,TEXT,END_DATE,END_WHERE,PAX,REMARKS,FLIGHT_NO,PERS_ID,CXL_YN) values (5269,'6VANTRA',1420,to_timestamp('11-10-26 15:45:00,000000000','RR-MM-DD HH24:MI:SS,FF'),'Royal Hotel','JSbKcOnnKzVYTsaRbsFJqLtCcmX',null,'Airport',6,null,'XL 265',2,'N');
Insert into XDM_TASKS (TASK_ID,ELEM_KEY,PROG_ID,START_DATE,START_WHERE,TEXT,END_DATE,END_WHERE,PAX,REMARKS,FLIGHT_NO,PERS_ID,CXL_YN) values (5270,'SEDAPT',1036,to_timestamp('11-10-26 08:00:00,000000000','RR-MM-DD HH24:MI:SS,FF'),'Scandic Hotel','LyDeOlmJKfUIdxffWfEdxNf',null,'Airport',2,null,'OP 208',4,'N');
Insert into XDM_TASKS (TASK_ID,ELEM_KEY,PROG_ID,START_DATE,START_WHERE,TEXT,END_DATE,END_WHERE,PAX,REMARKS,FLIGHT_NO,PERS_ID,CXL_YN) values (5271,'SEDAPT',162,to_timestamp('11-10-26 16:05:00,000000000','RR-MM-DD HH24:MI:SS,FF'),'Imperial Hotel','UWYVYmFzVaSRCvleizNjvYX',null,'Airport',1,null,'IU 325',3,'N');
Insert into XDM_TASKS (TASK_ID,ELEM_KEY,PROG_ID,START_DATE,START_WHERE,TEXT,END_DATE,END_WHERE,PAX,REMARKS,FLIGHT_NO,PERS_ID,CXL_YN) values (5272,'SEDTRA',165,to_timestamp('11-10-26 17:00:00,000000000','RR-MM-DD HH24:MI:SS,FF'),'Island Hotel','kgVPXAqRshWYDBqlekxmLYiJNVs',null,'Airport',3,null,'MR 477',3,'N');
Insert into XDM_TASKS (TASK_ID,ELEM_KEY,PROG_ID,START_DATE,START_WHERE,TEXT,END_DATE,END_WHERE,PAX,REMARKS,FLIGHT_NO,PERS_ID,CXL_YN) values (5273,'7VANTRA',1421,to_timestamp('11-10-26 17:00:00,000000000','RR-MM-DD HH24:MI:SS,FF'),'Scandic Hotel','nYWlPArosZcXrCxrVEmWITxzuTHhyBNDwWbhtZLRceOchipHPLFShSsisdSNCFrovDElcJIxiAzqBmHKfMzfTFloAtuvfDGYhSOJryFyLFIiEz',null,'Airport',6,null,'MY 458',2,'N');
Insert into XDM_TASKS (TASK_ID,ELEM_KEY,PROG_ID,START_DATE,START_WHERE,TEXT,END_DATE,END_WHERE,PAX,REMARKS,FLIGHT_NO,PERS_ID,CXL_YN) values (5274,'SEDTRA',165,to_timestamp('11-10-26 18:00:00,000000000','RR-MM-DD HH24:MI:SS,FF'),'Island Hotel','tXqSsW',null,'Airport',1,null,'AY 357',2,'N');
Insert into XDM_TASKS (TASK_ID,ELEM_KEY,PROG_ID,START_DATE,START_WHERE,TEXT,END_DATE,END_WHERE,PAX,REMARKS,FLIGHT_NO,PERS_ID,CXL_YN) values (5275,'30STRA',1421,to_timestamp('11-10-26 18:00:00,000000000','RR-MM-DD HH24:MI:SS,FF'),'Scandic Hotel',null,null,'Airport',23,null,'CN 572',3,'N');
Insert into XDM_TASKS (TASK_ID,ELEM_KEY,PROG_ID,START_DATE,START_WHERE,TEXT,END_DATE,END_WHERE,PAX,REMARKS,FLIGHT_NO,PERS_ID,CXL_YN) values (5276,'SEDAPT',162,to_timestamp('11-10-26 18:40:00,000000000','RR-MM-DD HH24:MI:SS,FF'),'Imperial Hotel','LddvxyhHMPWQSNAskNJqSIO',null,'Airport',1,null,'NR 163',2,'N');
Insert into XDM_TASKS (TASK_ID,ELEM_KEY,PROG_ID,START_DATE,START_WHERE,TEXT,END_DATE,END_WHERE,PAX,REMARKS,FLIGHT_NO,PERS_ID,CXL_YN) values (5280,'30STRA',1418,to_timestamp('11-10-27 07:00:00,000000000','RR-MM-DD HH24:MI:SS,FF'),'Hilton','YFfMqLmSqhkU',null,'Airport',22,null,'TE 571',2,'N');
Insert into XDM_TASKS (TASK_ID,ELEM_KEY,PROG_ID,START_DATE,START_WHERE,TEXT,END_DATE,END_WHERE,PAX,REMARKS,FLIGHT_NO,PERS_ID,CXL_YN) values (5281,'SEDAPT',1036,to_timestamp('11-10-27 10:10:00,000000000','RR-MM-DD HH24:MI:SS,FF'),'Scandic Hotel','eRvRDNcOeSIboMCOIaGuQ',null,'Airport',3,null,'VU 584',3,'N');
Insert into XDM_TASKS (TASK_ID,ELEM_KEY,PROG_ID,START_DATE,START_WHERE,TEXT,END_DATE,END_WHERE,PAX,REMARKS,FLIGHT_NO,PERS_ID,CXL_YN) values (5282,'SEDTRA',1418,to_timestamp('11-10-27 12:30:00,000000000','RR-MM-DD HH24:MI:SS,FF'),'Hilton','IqmIlzytzqukIR',null,'Airport',1,null,'CQ 624',2,'N');
Insert into XDM_TASKS (TASK_ID,ELEM_KEY,PROG_ID,START_DATE,START_WHERE,TEXT,END_DATE,END_WHERE,PAX,REMARKS,FLIGHT_NO,PERS_ID,CXL_YN) values (5283,'SEDAPT',162,to_timestamp('11-10-27 14:25:00,000000000','RR-MM-DD HH24:MI:SS,FF'),'Imperial Hotel','wxpXVkRpNShbymtMHpaGnCu',null,'Airport',1,null,'DS 338',3,'N');
Insert into XDM_TASKS (TASK_ID,ELEM_KEY,PROG_ID,START_DATE,START_WHERE,TEXT,END_DATE,END_WHERE,PAX,REMARKS,FLIGHT_NO,PERS_ID,CXL_YN) values (5284,'SEDTRA',165,to_timestamp('11-10-27 16:30:00,000000000','RR-MM-DD HH24:MI:SS,FF'),'Island Hotel','QxNSJObaYmCaktswIjqRl',null,'Airport',3,null,'IQ 481',1,'N');
Insert into XDM_TASKS (TASK_ID,ELEM_KEY,PROG_ID,START_DATE,START_WHERE,TEXT,END_DATE,END_WHERE,PAX,REMARKS,FLIGHT_NO,PERS_ID,CXL_YN) values (5285,'SEDTRA',165,to_timestamp('11-10-27 18:00:00,000000000','RR-MM-DD HH24:MI:SS,FF'),'Island Hotel','veM',null,'Airport',1,null,'RG 784',1,'N');
Insert into XDM_TASKS (TASK_ID,ELEM_KEY,PROG_ID,START_DATE,START_WHERE,TEXT,END_DATE,END_WHERE,PAX,REMARKS,FLIGHT_NO,PERS_ID,CXL_YN) values (5286,'SEDTRA',165,to_timestamp('11-10-28 05:30:00,000000000','RR-MM-DD HH24:MI:SS,FF'),'Island Hotel','GjaximCitLIhkMsOAUILsfqVqgrri',null,'Airport',3,null,'WN 273',3,'N');
Insert into XDM_TASKS (TASK_ID,ELEM_KEY,PROG_ID,START_DATE,START_WHERE,TEXT,END_DATE,END_WHERE,PAX,REMARKS,FLIGHT_NO,PERS_ID,CXL_YN) values (5287,'SEDTRA',165,to_timestamp('11-10-28 07:00:00,000000000','RR-MM-DD HH24:MI:SS,FF'),'Island Hotel','hGWgnQrBeJ',null,'Airport',1,null,'GE 669',4,'N');
Insert into XDM_TASKS (TASK_ID,ELEM_KEY,PROG_ID,START_DATE,START_WHERE,TEXT,END_DATE,END_WHERE,PAX,REMARKS,FLIGHT_NO,PERS_ID,CXL_YN) values (5288,'16STRA',165,to_timestamp('11-10-28 10:30:00,000000000','RR-MM-DD HH24:MI:SS,FF'),'Island Hotel',null,null,'Airport',11,null,'MP 531',4,'N');
Insert into XDM_TASKS (TASK_ID,ELEM_KEY,PROG_ID,START_DATE,START_WHERE,TEXT,END_DATE,END_WHERE,PAX,REMARKS,FLIGHT_NO,PERS_ID,CXL_YN) values (5289,'6VANTRA',165,to_timestamp('11-10-28 11:30:00,000000000','RR-MM-DD HH24:MI:SS,FF'),'Island Hotel','SyKHUFlKIDycdaUhxPSpQTJFazYZlrBgyePgyQAdueUVJCnU',null,'Airport',5,null,'QT 771',2,'N');
Insert into XDM_TASKS (TASK_ID,ELEM_KEY,PROG_ID,START_DATE,START_WHERE,TEXT,END_DATE,END_WHERE,PAX,REMARKS,FLIGHT_NO,PERS_ID,CXL_YN) values (5291,'30STRA',1033,to_timestamp('11-10-18 08:30:00,000000000','RR-MM-DD HH24:MI:SS,FF'),'Hilton','wGFIUnOsxjgGx',null,'University Campus',30,null,null,1,'N');
Insert into XDM_TASKS (TASK_ID,ELEM_KEY,PROG_ID,START_DATE,START_WHERE,TEXT,END_DATE,END_WHERE,PAX,REMARKS,FLIGHT_NO,PERS_ID,CXL_YN) values (5297,'6VANTRA',162,to_timestamp('11-10-26 07:30:00,000000000','RR-MM-DD HH24:MI:SS,FF'),'Imperial Hotel','HIdxSradpvwWCMACYHvOeKSmivJqRthcgktxEHNZasJpbZkXeMyIQtcqDmnklHGVfqTHTO',to_timestamp('11-10-26 08:00:00,000000000','RR-MM-DD HH24:MI:SS,FF'),'Conference Center',5,null,null,3,'N');
Insert into XDM_TASKS (TASK_ID,ELEM_KEY,PROG_ID,START_DATE,START_WHERE,TEXT,END_DATE,END_WHERE,PAX,REMARKS,FLIGHT_NO,PERS_ID,CXL_YN) values (5298,'SEDTRA',162,to_timestamp('11-10-26 07:30:00,000000000','RR-MM-DD HH24:MI:SS,FF'),'Scandic Hotel','cyAEDGjCKNIIyhm',null,'Conference Center',1,null,null,2,'N');
Insert into XDM_TASKS (TASK_ID,ELEM_KEY,PROG_ID,START_DATE,START_WHERE,TEXT,END_DATE,END_WHERE,PAX,REMARKS,FLIGHT_NO,PERS_ID,CXL_YN) values (5299,'49STRA',162,to_timestamp('11-10-26 07:30:00,000000000','RR-MM-DD HH24:MI:SS,FF'),'Island Hotel',null,null,'Conference Center',49,null,null,2,'N');
Insert into XDM_TASKS (TASK_ID,ELEM_KEY,PROG_ID,START_DATE,START_WHERE,TEXT,END_DATE,END_WHERE,PAX,REMARKS,FLIGHT_NO,PERS_ID,CXL_YN) values (5300,'49STRA',162,to_timestamp('11-10-26 07:30:00,000000000','RR-MM-DD HH24:MI:SS,FF'),'Island Hotel',null,null,'Conference Center',49,null,null,1,'N');
Insert into XDM_TASKS (TASK_ID,ELEM_KEY,PROG_ID,START_DATE,START_WHERE,TEXT,END_DATE,END_WHERE,PAX,REMARKS,FLIGHT_NO,PERS_ID,CXL_YN) values (5301,'40STRA',162,to_timestamp('11-10-26 07:30:00,000000000','RR-MM-DD HH24:MI:SS,FF'),'Island Hotel',null,null,'Conference Center',40,null,null,2,'N');
Insert into XDM_TASKS (TASK_ID,ELEM_KEY,PROG_ID,START_DATE,START_WHERE,TEXT,END_DATE,END_WHERE,PAX,REMARKS,FLIGHT_NO,PERS_ID,CXL_YN) values (5305,'68STRA',162,to_timestamp('11-10-26 07:30:00,000000000','RR-MM-DD HH24:MI:SS,FF'),'Imperial',null,null,'Conference Center',68,null,null,4,'N');
Insert into XDM_TASKS (TASK_ID,ELEM_KEY,PROG_ID,START_DATE,START_WHERE,TEXT,END_DATE,END_WHERE,PAX,REMARKS,FLIGHT_NO,PERS_ID,CXL_YN) values (5306,'68STRA',162,to_timestamp('11-10-26 07:30:00,000000000','RR-MM-DD HH24:MI:SS,FF'),'Imperial',null,null,'Conference Center',68,null,null,4,'N');
Insert into XDM_TASKS (TASK_ID,ELEM_KEY,PROG_ID,START_DATE,START_WHERE,TEXT,END_DATE,END_WHERE,PAX,REMARKS,FLIGHT_NO,PERS_ID,CXL_YN) values (5307,'16STRA',162,to_timestamp('11-10-26 07:30:00,000000000','RR-MM-DD HH24:MI:SS,FF'),'Imperial',null,null,'Conference Center',16,null,null,2,'N');
Insert into XDM_TASKS (TASK_ID,ELEM_KEY,PROG_ID,START_DATE,START_WHERE,TEXT,END_DATE,END_WHERE,PAX,REMARKS,FLIGHT_NO,PERS_ID,CXL_YN) values (5308,'68STRA',162,to_timestamp('11-10-26 07:30:00,000000000','RR-MM-DD HH24:MI:SS,FF'),'Marriott',null,null,'Conference Center',68,null,null,2,'N');
Insert into XDM_TASKS (TASK_ID,ELEM_KEY,PROG_ID,START_DATE,START_WHERE,TEXT,END_DATE,END_WHERE,PAX,REMARKS,FLIGHT_NO,PERS_ID,CXL_YN) values (5309,'68STRA',162,to_timestamp('11-10-26 07:30:00,000000000','RR-MM-DD HH24:MI:SS,FF'),'Marriott',null,null,'Conference Center',68,null,null,4,'N');
Insert into XDM_TASKS (TASK_ID,ELEM_KEY,PROG_ID,START_DATE,START_WHERE,TEXT,END_DATE,END_WHERE,PAX,REMARKS,FLIGHT_NO,PERS_ID,CXL_YN) values (5310,'16STRA',162,to_timestamp('11-10-26 07:30:00,000000000','RR-MM-DD HH24:MI:SS,FF'),'Marriott',null,null,'Conference Center',16,null,null,1,'N');
Insert into XDM_TASKS (TASK_ID,ELEM_KEY,PROG_ID,START_DATE,START_WHERE,TEXT,END_DATE,END_WHERE,PAX,REMARKS,FLIGHT_NO,PERS_ID,CXL_YN) values (5311,'81STRA',162,to_timestamp('11-10-26 07:30:00,000000000','RR-MM-DD HH24:MI:SS,FF'),'Hilton',null,null,'Conference Center',81,null,null,4,'N');
Insert into XDM_TASKS (TASK_ID,ELEM_KEY,PROG_ID,START_DATE,START_WHERE,TEXT,END_DATE,END_WHERE,PAX,REMARKS,FLIGHT_NO,PERS_ID,CXL_YN) values (5312,'81STRA',162,to_timestamp('11-10-26 07:30:00,000000000','RR-MM-DD HH24:MI:SS,FF'),'Hilton',null,null,'Conference Center',81,null,null,2,'N');
Insert into XDM_TASKS (TASK_ID,ELEM_KEY,PROG_ID,START_DATE,START_WHERE,TEXT,END_DATE,END_WHERE,PAX,REMARKS,FLIGHT_NO,PERS_ID,CXL_YN) values (5313,'49SCITY',166,to_timestamp('11-10-25 19:00:00,000000000','RR-MM-DD HH24:MI:SS,FF'),'Scandic Hotel',null,null,'La Brasserie',47,null,null,1,'N');
Insert into XDM_TASKS (TASK_ID,ELEM_KEY,PROG_ID,START_DATE,START_WHERE,TEXT,END_DATE,END_WHERE,PAX,REMARKS,FLIGHT_NO,PERS_ID,CXL_YN) values (5315,'30SCITY',166,to_timestamp('11-10-25 19:00:00,000000000','RR-MM-DD HH24:MI:SS,FF'),'Scandic Hotel',null,null,'La Brasserie',30,null,null,4,'N');
Insert into XDM_TASKS (TASK_ID,ELEM_KEY,PROG_ID,START_DATE,START_WHERE,TEXT,END_DATE,END_WHERE,PAX,REMARKS,FLIGHT_NO,PERS_ID,CXL_YN) values (5318,'57STRA',162,to_timestamp('11-10-25 19:00:00,000000000','RR-MM-DD HH24:MI:SS,FF'),'Island Hotel',null,null,'The Embassy',50,null,null,2,'N');
Insert into XDM_TASKS (TASK_ID,ELEM_KEY,PROG_ID,START_DATE,START_WHERE,TEXT,END_DATE,END_WHERE,PAX,REMARKS,FLIGHT_NO,PERS_ID,CXL_YN) values (5319,'30STRA',162,to_timestamp('11-10-25 19:00:00,000000000','RR-MM-DD HH24:MI:SS,FF'),'Scandic Hotel',null,null,'The Embassy',21,null,null,4,'N');
Insert into XDM_TASKS (TASK_ID,ELEM_KEY,PROG_ID,START_DATE,START_WHERE,TEXT,END_DATE,END_WHERE,PAX,REMARKS,FLIGHT_NO,PERS_ID,CXL_YN) values (5323,'57STRA',162,to_timestamp('11-10-25 19:00:00,000000000','RR-MM-DD HH24:MI:SS,FF'),'Scandic Hotel',null,null,'The Embassy',50,null,null,2,'N');
Insert into XDM_TASKS (TASK_ID,ELEM_KEY,PROG_ID,START_DATE,START_WHERE,TEXT,END_DATE,END_WHERE,PAX,REMARKS,FLIGHT_NO,PERS_ID,CXL_YN) values (5329,'49STRA',165,to_timestamp('11-10-25 20:00:00,000000000','RR-MM-DD HH24:MI:SS,FF'),'Island Hotel',null,null,'Ocean Club',45,null,null,4,'N');
Insert into XDM_TASKS (TASK_ID,ELEM_KEY,PROG_ID,START_DATE,START_WHERE,TEXT,END_DATE,END_WHERE,PAX,REMARKS,FLIGHT_NO,PERS_ID,CXL_YN) values (5330,'49STRA',165,to_timestamp('11-10-25 20:00:00,000000000','RR-MM-DD HH24:MI:SS,FF'),'Island Hotel',null,null,'Ocean Club',45,null,null,4,'N');
Insert into XDM_TASKS (TASK_ID,ELEM_KEY,PROG_ID,START_DATE,START_WHERE,TEXT,END_DATE,END_WHERE,PAX,REMARKS,FLIGHT_NO,PERS_ID,CXL_YN) values (5189,'SEDAPT',162,to_timestamp('11-10-23 05:00:00,000000000','RR-MM-DD HH24:MI:SS,FF'),'Imperial Hotel','SGhRRbhFsHUkBRSWqY',null,'Airport',1,null,'LI 790',3,'N');
Insert into XDM_TASKS (TASK_ID,ELEM_KEY,PROG_ID,START_DATE,START_WHERE,TEXT,END_DATE,END_WHERE,PAX,REMARKS,FLIGHT_NO,PERS_ID,CXL_YN) values (5191,'SEDAPT',166,to_timestamp('11-10-23 07:35:00,000000000','RR-MM-DD HH24:MI:SS,FF'),'Airport','VgWYpatXAnAXPNEXmjYXKphtPAMvTPwdTanbFLdhE',null,'Hilton',2,null,'QD 606',1,'N');
Insert into XDM_TASKS (TASK_ID,ELEM_KEY,PROG_ID,START_DATE,START_WHERE,TEXT,END_DATE,END_WHERE,PAX,REMARKS,FLIGHT_NO,PERS_ID,CXL_YN) values (5193,'SEDAPT',166,to_timestamp('11-10-23 09:20:00,000000000','RR-MM-DD HH24:MI:SS,FF'),'Airport','MYSlhiTJppBUNoyUZhErBWUdmMAj',null,'Royal Hotel',1,null,'UP 399',2,'N');
Insert into XDM_TASKS (TASK_ID,ELEM_KEY,PROG_ID,START_DATE,START_WHERE,TEXT,END_DATE,END_WHERE,PAX,REMARKS,FLIGHT_NO,PERS_ID,CXL_YN) values (5194,'SEDAPT',166,to_timestamp('11-10-23 09:25:00,000000000','RR-MM-DD HH24:MI:SS,FF'),'Airport','aBXgnOPBJHluBeCSGxRt',null,'Hilton',1,null,'AQ 709',4,'N');
Insert into XDM_TASKS (TASK_ID,ELEM_KEY,PROG_ID,START_DATE,START_WHERE,TEXT,END_DATE,END_WHERE,PAX,REMARKS,FLIGHT_NO,PERS_ID,CXL_YN) values (5196,'SEDTRA',162,to_timestamp('11-10-23 09:45:00,000000000','RR-MM-DD HH24:MI:SS,FF'),'Scandic Hotel','pdEQWXvkPaMHJHU',null,'Conference Center',1,null,null,1,'N');
Insert into XDM_TASKS (TASK_ID,ELEM_KEY,PROG_ID,START_DATE,START_WHERE,TEXT,END_DATE,END_WHERE,PAX,REMARKS,FLIGHT_NO,PERS_ID,CXL_YN) values (5197,'SEDTRA',162,to_timestamp('11-10-23 09:50:00,000000000','RR-MM-DD HH24:MI:SS,FF'),'Imperial Hotel','lWQvzFYKefYikKtybYFvYpBhhUrqId',to_timestamp('11-10-23 10:15:00,000000000','RR-MM-DD HH24:MI:SS,FF'),'Conference Center',2,null,null,3,'N');
Insert into XDM_TASKS (TASK_ID,ELEM_KEY,PROG_ID,START_DATE,START_WHERE,TEXT,END_DATE,END_WHERE,PAX,REMARKS,FLIGHT_NO,PERS_ID,CXL_YN) values (5203,'SEDAPT',166,to_timestamp('11-10-22 13:30:00,000000000','RR-MM-DD HH24:MI:SS,FF'),'Airport','mZDbUtlsgcKYIkfZcBHeKsFEBXVxvzUgtq',null,'Scandic Hotel',2,null,'RI 636',3,'N');
Insert into XDM_TASKS (TASK_ID,ELEM_KEY,PROG_ID,START_DATE,START_WHERE,TEXT,END_DATE,END_WHERE,PAX,REMARKS,FLIGHT_NO,PERS_ID,CXL_YN) values (5206,'SEDAPT',166,to_timestamp('11-10-22 16:45:00,000000000','RR-MM-DD HH24:MI:SS,FF'),'Airport','hVCGLIKKgVqPRtMkM',null,'Scandic Hotel',2,null,'ST 777',2,'N');
Insert into XDM_TASKS (TASK_ID,ELEM_KEY,PROG_ID,START_DATE,START_WHERE,TEXT,END_DATE,END_WHERE,PAX,REMARKS,FLIGHT_NO,PERS_ID,CXL_YN) values (5207,'SEDAPT',166,to_timestamp('11-10-22 17:20:00,000000000','RR-MM-DD HH24:MI:SS,FF'),'Airport','sIMTAyOTiLHtEDshrCkh',null,'Scandic Hotel',1,null,'HJ 240',3,'N');
Insert into XDM_TASKS (TASK_ID,ELEM_KEY,PROG_ID,START_DATE,START_WHERE,TEXT,END_DATE,END_WHERE,PAX,REMARKS,FLIGHT_NO,PERS_ID,CXL_YN) values (5210,'SEDAPT',166,to_timestamp('11-10-23 09:20:00,000000000','RR-MM-DD HH24:MI:SS,FF'),'Airport','GsoCzyDetEJCAZSWKYWuALmDilOdBk',null,'Hilton',2,null,'GD 505',4,'N');
Insert into XDM_TASKS (TASK_ID,ELEM_KEY,PROG_ID,START_DATE,START_WHERE,TEXT,END_DATE,END_WHERE,PAX,REMARKS,FLIGHT_NO,PERS_ID,CXL_YN) values (5211,'SEDAPT',166,to_timestamp('11-10-24 16:30:00,000000000','RR-MM-DD HH24:MI:SS,FF'),'Airport','lUwyWwyWnixTWYnltJAORhIKqpdCgBipypC',null,'Hilton',2,null,'XF 783',4,'N');
Insert into XDM_TASKS (TASK_ID,ELEM_KEY,PROG_ID,START_DATE,START_WHERE,TEXT,END_DATE,END_WHERE,PAX,REMARKS,FLIGHT_NO,PERS_ID,CXL_YN) values (5213,'6VANAPT',166,to_timestamp('11-10-21 11:35:00,000000000','RR-MM-DD HH24:MI:SS,FF'),'Airport','KJucJZADyhLmXzzWXjsxRrIkVFqDYdhqLdRHODjxhHsbHrQqWpdeaHQgPlfhDiuJLdumDj',null,'Hilton',4,null,'AL 575',2,'N');
Insert into XDM_TASKS (TASK_ID,ELEM_KEY,PROG_ID,START_DATE,START_WHERE,TEXT,END_DATE,END_WHERE,PAX,REMARKS,FLIGHT_NO,PERS_ID,CXL_YN) values (5215,'16SAPT',166,to_timestamp('11-10-22 11:30:00,000000000','RR-MM-DD HH24:MI:SS,FF'),'Airport',null,null,'Hilton',8,null,'HO 961',4,'N');
Insert into XDM_TASKS (TASK_ID,ELEM_KEY,PROG_ID,START_DATE,START_WHERE,TEXT,END_DATE,END_WHERE,PAX,REMARKS,FLIGHT_NO,PERS_ID,CXL_YN) values (5216,'6VANAPT',166,to_timestamp('11-10-22 11:35:00,000000000','RR-MM-DD HH24:MI:SS,FF'),'Airport','IWFUXmIRpvjTLVGSvqSMWSzoLspxqoToOedcAoFWMTtnFKHISPo',null,'Hilton',4,null,'JU 873',3,'N');
Insert into XDM_TASKS (TASK_ID,ELEM_KEY,PROG_ID,START_DATE,START_WHERE,TEXT,END_DATE,END_WHERE,PAX,REMARKS,FLIGHT_NO,PERS_ID,CXL_YN) values (5217,'16SCIBC',166,to_timestamp('11-10-22 13:20:00,000000000','RR-MM-DD HH24:MI:SS,FF'),'Hilton','uFkxUOvRO',null,'Conference Center',15,null,null,4,'N');
Insert into XDM_TASKS (TASK_ID,ELEM_KEY,PROG_ID,START_DATE,START_WHERE,TEXT,END_DATE,END_WHERE,PAX,REMARKS,FLIGHT_NO,PERS_ID,CXL_YN) values (5219,'6VANAPT',2739,to_timestamp('11-10-22 11:30:00,000000000','RR-MM-DD HH24:MI:SS,FF'),'Airport','abFEZMwMKLoHKLAbcGweHeswYQIdZvqbQKalfpzPWvQcaoViruyWZJK',null,'Scandic Hotel',3,null,'VD 305',3,'N');
Insert into XDM_TASKS (TASK_ID,ELEM_KEY,PROG_ID,START_DATE,START_WHERE,TEXT,END_DATE,END_WHERE,PAX,REMARKS,FLIGHT_NO,PERS_ID,CXL_YN) values (5220,'SEDAPT',2739,to_timestamp('11-10-22 23:05:00,000000000','RR-MM-DD HH24:MI:SS,FF'),'Airport','zrOhyHmoaWPtq',null,'Scandic Hotel',1,null,'TR 882',3,'N');
Insert into XDM_TASKS (TASK_ID,ELEM_KEY,PROG_ID,START_DATE,START_WHERE,TEXT,END_DATE,END_WHERE,PAX,REMARKS,FLIGHT_NO,PERS_ID,CXL_YN) values (5223,'SEDTRA',1421,to_timestamp('11-10-25 18:00:00,000000000','RR-MM-DD HH24:MI:SS,FF'),'Scandic Hotel','BAqzCNGiTOfPKHzyFBbIYHkncopsLJScoMhuHFEsYpP',null,'Airport',2,null,'LN 857',4,'N');
Insert into XDM_TASKS (TASK_ID,ELEM_KEY,PROG_ID,START_DATE,START_WHERE,TEXT,END_DATE,END_WHERE,PAX,REMARKS,FLIGHT_NO,PERS_ID,CXL_YN) values (5224,'7VANAPT',2739,to_timestamp('11-10-25 10:30:00,000000000','RR-MM-DD HH24:MI:SS,FF'),'Scandic Hotel',null,null,'Airport',4,null,'UZ 917',3,'N');
Insert into XDM_TASKS (TASK_ID,ELEM_KEY,PROG_ID,START_DATE,START_WHERE,TEXT,END_DATE,END_WHERE,PAX,REMARKS,FLIGHT_NO,PERS_ID,CXL_YN) values (5225,'6VANCIBC',2724,to_timestamp('11-10-22 08:15:00,000000000','RR-MM-DD HH24:MI:SS,FF'),'Royal Hotel','CVgxNnPivXeeeogrOXZKI',null,'Conference Center',5,null,null,1,'N');
Insert into XDM_TASKS (TASK_ID,ELEM_KEY,PROG_ID,START_DATE,START_WHERE,TEXT,END_DATE,END_WHERE,PAX,REMARKS,FLIGHT_NO,PERS_ID,CXL_YN) values (5226,'SEDCIBC',166,to_timestamp('11-10-24 10:00:00,000000000','RR-MM-DD HH24:MI:SS,FF'),'Conference Center','aMKSMDrdqrKuoiBQDYoinwHdtZIefP',null,'Scandic Hotel',2,null,null,3,'N');
Insert into XDM_TASKS (TASK_ID,ELEM_KEY,PROG_ID,START_DATE,START_WHERE,TEXT,END_DATE,END_WHERE,PAX,REMARKS,FLIGHT_NO,PERS_ID,CXL_YN) values (5227,'SEDAPT',166,to_timestamp('11-10-22 11:30:00,000000000','RR-MM-DD HH24:MI:SS,FF'),'Airport','AzCZVijpqeGtpLMf',null,'Hilton',1,null,null,3,'N');
Insert into XDM_TASKS (TASK_ID,ELEM_KEY,PROG_ID,START_DATE,START_WHERE,TEXT,END_DATE,END_WHERE,PAX,REMARKS,FLIGHT_NO,PERS_ID,CXL_YN) values (5231,'SEDAPT',1036,to_timestamp('11-10-22 11:15:00,000000000','RR-MM-DD HH24:MI:SS,FF'),'Airport','sSaChSXXZTkjWqCWJs',null,'Scandic Hotel',1,null,'KU 949',4,'N');
Insert into XDM_TASKS (TASK_ID,ELEM_KEY,PROG_ID,START_DATE,START_WHERE,TEXT,END_DATE,END_WHERE,PAX,REMARKS,FLIGHT_NO,PERS_ID,CXL_YN) values (5232,'SEDAPT',1036,to_timestamp('11-10-22 09:00:00,000000000','RR-MM-DD HH24:MI:SS,FF'),'Airport','LyUGSrYmtAevhJyDbEJShrx',null,'Scandic Hotel',2,null,'QX 892',4,'N');
Insert into XDM_TASKS (TASK_ID,ELEM_KEY,PROG_ID,START_DATE,START_WHERE,TEXT,END_DATE,END_WHERE,PAX,REMARKS,FLIGHT_NO,PERS_ID,CXL_YN) values (5235,'SEDAPT',162,to_timestamp('11-10-24 13:10:00,000000000','RR-MM-DD HH24:MI:SS,FF'),'Imperial Hotel','OFgYWLogIjN',null,'Airport',1,null,'FI 582',4,'N');
Insert into XDM_TASKS (TASK_ID,ELEM_KEY,PROG_ID,START_DATE,START_WHERE,TEXT,END_DATE,END_WHERE,PAX,REMARKS,FLIGHT_NO,PERS_ID,CXL_YN) values (5238,'SEDTRA',163,to_timestamp('11-10-22 17:20:00,000000000','RR-MM-DD HH24:MI:SS,FF'),'Airport','WVwxOWZonsOEi',null,'Marriott Hotel',1,null,'NQ 620',4,'N');
Insert into XDM_TASKS (TASK_ID,ELEM_KEY,PROG_ID,START_DATE,START_WHERE,TEXT,END_DATE,END_WHERE,PAX,REMARKS,FLIGHT_NO,PERS_ID,CXL_YN) values (5240,'40SD2E',162,to_timestamp('11-10-25 21:00:00,000000000','RR-MM-DD HH24:MI:SS,FF'),'The Embassy',null,to_timestamp('11-10-25 23:00:00,000000000','RR-MM-DD HH24:MI:SS,FF'),'Scandic Hotel',40,null,null,4,'N');
Insert into XDM_TASKS (TASK_ID,ELEM_KEY,PROG_ID,START_DATE,START_WHERE,TEXT,END_DATE,END_WHERE,PAX,REMARKS,FLIGHT_NO,PERS_ID,CXL_YN) values (5241,'49SD2E',162,to_timestamp('11-10-25 21:00:00,000000000','RR-MM-DD HH24:MI:SS,FF'),'The Embassy',null,to_timestamp('11-10-25 23:00:00,000000000','RR-MM-DD HH24:MI:SS,FF'),'Scandic Hotel',40,null,null,4,'N');
Insert into XDM_TASKS (TASK_ID,ELEM_KEY,PROG_ID,START_DATE,START_WHERE,TEXT,END_DATE,END_WHERE,PAX,REMARKS,FLIGHT_NO,PERS_ID,CXL_YN) values (5242,'30SD2E',162,to_timestamp('11-10-25 21:00:00,000000000','RR-MM-DD HH24:MI:SS,FF'),'The Embassy',null,to_timestamp('11-10-25 23:00:00,000000000','RR-MM-DD HH24:MI:SS,FF'),'Hilton',16,null,null,3,'N');
Insert into XDM_TASKS (TASK_ID,ELEM_KEY,PROG_ID,START_DATE,START_WHERE,TEXT,END_DATE,END_WHERE,PAX,REMARKS,FLIGHT_NO,PERS_ID,CXL_YN) values (5244,'40STRA',1421,to_timestamp('11-10-23 11:00:00,000000000','RR-MM-DD HH24:MI:SS,FF'),'Scandic Hotel',null,null,'Conference Center',36,null,null,1,'N');
Insert into XDM_TASKS (TASK_ID,ELEM_KEY,PROG_ID,START_DATE,START_WHERE,TEXT,END_DATE,END_WHERE,PAX,REMARKS,FLIGHT_NO,PERS_ID,CXL_YN) values (5245,'SEDAPT',166,to_timestamp('11-10-23 15:55:00,000000000','RR-MM-DD HH24:MI:SS,FF'),'Airport',null,null,'Scandic Hotel',1,null,'CB 212',2,'N');
Insert into XDM_TASKS (TASK_ID,ELEM_KEY,PROG_ID,START_DATE,START_WHERE,TEXT,END_DATE,END_WHERE,PAX,REMARKS,FLIGHT_NO,PERS_ID,CXL_YN) values (5248,'SEDAPT',162,to_timestamp('11-10-26 12:30:00,000000000','RR-MM-DD HH24:MI:SS,FF'),'Conference Center','RCOAwmDLumRXRYECX',null,'Airport',1,null,'HJ 476',2,'N');
Insert into XDM_TASKS (TASK_ID,ELEM_KEY,PROG_ID,START_DATE,START_WHERE,TEXT,END_DATE,END_WHERE,PAX,REMARKS,FLIGHT_NO,PERS_ID,CXL_YN) values (5249,'SEDAPT',162,to_timestamp('11-10-26 12:30:00,000000000','RR-MM-DD HH24:MI:SS,FF'),'Conference Center','BxiiXEkhACXPgtZLN',null,'Airport',1,null,'OM 516',3,'N');
Insert into XDM_TASKS (TASK_ID,ELEM_KEY,PROG_ID,START_DATE,START_WHERE,TEXT,END_DATE,END_WHERE,PAX,REMARKS,FLIGHT_NO,PERS_ID,CXL_YN) values (5250,'6VANTRA',1419,to_timestamp('11-10-26 13:00:00,000000000','RR-MM-DD HH24:MI:SS,FF'),'Scandic Hotel',null,null,'Airport',5,null,'VM 476',2,'N');
Insert into XDM_TASKS (TASK_ID,ELEM_KEY,PROG_ID,START_DATE,START_WHERE,TEXT,END_DATE,END_WHERE,PAX,REMARKS,FLIGHT_NO,PERS_ID,CXL_YN) values (5252,'SEDAPT',162,to_timestamp('11-10-26 13:15:00,000000000','RR-MM-DD HH24:MI:SS,FF'),'Imperial Hotel','hjwWuRTzOgsAIGeu',null,'Airport',1,null,'QS 874',3,'N');
Insert into XDM_TASKS (TASK_ID,ELEM_KEY,PROG_ID,START_DATE,START_WHERE,TEXT,END_DATE,END_WHERE,PAX,REMARKS,FLIGHT_NO,PERS_ID,CXL_YN) values (5254,'16STRA',167,to_timestamp('11-10-26 13:30:00,000000000','RR-MM-DD HH24:MI:SS,FF'),'Royal Hotel',null,null,'Airport',14,null,'ZB 183',1,'N');
Insert into XDM_TASKS (TASK_ID,ELEM_KEY,PROG_ID,START_DATE,START_WHERE,TEXT,END_DATE,END_WHERE,PAX,REMARKS,FLIGHT_NO,PERS_ID,CXL_YN) values (5129,'SEDTRA',164,to_timestamp('11-10-24 01:59:00,000000000','RR-MM-DD HH24:MI:SS,FF'),'Airport','YFGiabOcjrSEbB',null,'Royal Hotel',1,null,'JH 998',4,'N');
Insert into XDM_TASKS (TASK_ID,ELEM_KEY,PROG_ID,START_DATE,START_WHERE,TEXT,END_DATE,END_WHERE,PAX,REMARKS,FLIGHT_NO,PERS_ID,CXL_YN) values (5130,'SEDAPT',162,to_timestamp('11-10-18 11:35:00,000000000','RR-MM-DD HH24:MI:SS,FF'),'Airport','kYOsJxOwAvkjXczEve',null,'Imperial',1,null,'SQ 394',1,'N');
Insert into XDM_TASKS (TASK_ID,ELEM_KEY,PROG_ID,START_DATE,START_WHERE,TEXT,END_DATE,END_WHERE,PAX,REMARKS,FLIGHT_NO,PERS_ID,CXL_YN) values (5132,'16SD4E',166,to_timestamp('11-10-24 17:30:00,000000000','RR-MM-DD HH24:MI:SS,FF'),'Conference Center',null,to_timestamp('11-10-24 21:00:00,000000000','RR-MM-DD HH24:MI:SS,FF'),'The Lobster',null,null,null,3,'N');
Insert into XDM_TASKS (TASK_ID,ELEM_KEY,PROG_ID,START_DATE,START_WHERE,TEXT,END_DATE,END_WHERE,PAX,REMARKS,FLIGHT_NO,PERS_ID,CXL_YN) values (5148,'49STRA',165,to_timestamp('11-10-24 20:00:00,000000000','RR-MM-DD HH24:MI:SS,FF'),'Island Hotel',null,null,'Hard Rock Caf',45,null,null,1,'N');
Insert into XDM_TASKS (TASK_ID,ELEM_KEY,PROG_ID,START_DATE,START_WHERE,TEXT,END_DATE,END_WHERE,PAX,REMARKS,FLIGHT_NO,PERS_ID,CXL_YN) values (5149,'49STRA',165,to_timestamp('11-10-24 20:00:00,000000000','RR-MM-DD HH24:MI:SS,FF'),'Island Hotel',null,null,'Hard Rock Caf',45,null,null,4,'N');
Insert into XDM_TASKS (TASK_ID,ELEM_KEY,PROG_ID,START_DATE,START_WHERE,TEXT,END_DATE,END_WHERE,PAX,REMARKS,FLIGHT_NO,PERS_ID,CXL_YN) values (5153,'16STRA',167,to_timestamp('11-10-24 21:15:00,000000000','RR-MM-DD HH24:MI:SS,FF'),'Royal Hotel',null,null,'Tivoli',14,null,null,2,'N');
Insert into XDM_TASKS (TASK_ID,ELEM_KEY,PROG_ID,START_DATE,START_WHERE,TEXT,END_DATE,END_WHERE,PAX,REMARKS,FLIGHT_NO,PERS_ID,CXL_YN) values (5159,'SEDAPT',166,to_timestamp('11-10-24 18:20:00,000000000','RR-MM-DD HH24:MI:SS,FF'),'Scandic Hotel','MxiQZcHwSecGUbDXUYhXDXYSUqsy',null,'Airport',2,null,'KM 893',1,'N');
Insert into XDM_TASKS (TASK_ID,ELEM_KEY,PROG_ID,START_DATE,START_WHERE,TEXT,END_DATE,END_WHERE,PAX,REMARKS,FLIGHT_NO,PERS_ID,CXL_YN) values (5180,'6VANAPT',166,to_timestamp('11-10-22 21:25:00,000000000','RR-MM-DD HH24:MI:SS,FF'),'Airport','VNViCIoijDsNvqbkQsyJrqfSVyQMLXIBjROLhxiwDByoRRmZkArKbOyrLmuNgxjSVHZcnKgUtwyIHSrGyHWmlHsuDJZNuSPYI',null,'Royal Hotel',4,null,'MW 489',4,'N');
Insert into XDM_TASKS (TASK_ID,ELEM_KEY,PROG_ID,START_DATE,START_WHERE,TEXT,END_DATE,END_WHERE,PAX,REMARKS,FLIGHT_NO,PERS_ID,CXL_YN) values (5188,'SEDAPT',162,to_timestamp('11-10-23 05:20:00,000000000','RR-MM-DD HH24:MI:SS,FF'),'Imperial Hotel','qUSxpExaZfzucxYXHmDPmf',null,'Airport',1,null,'LX 279',1,'N');
Insert into XDM_TASKS (TASK_ID,ELEM_KEY,PROG_ID,START_DATE,START_WHERE,TEXT,END_DATE,END_WHERE,PAX,REMARKS,FLIGHT_NO,PERS_ID,CXL_YN) values (5063,'49SD2',165,to_timestamp('11-10-25 23:30:00,000000000','RR-MM-DD HH24:MI:SS,FF'),'Ocean Club',null,null,'Island Hotel',45,null,null,4,'N');
Insert into XDM_TASKS (TASK_ID,ELEM_KEY,PROG_ID,START_DATE,START_WHERE,TEXT,END_DATE,END_WHERE,PAX,REMARKS,FLIGHT_NO,PERS_ID,CXL_YN) values (5064,'SEDTRA',165,to_timestamp('11-10-26 05:30:00,000000000','RR-MM-DD HH24:MI:SS,FF'),'Island Hotel','DOyvO',null,'Airport',1,null,'JB 117',4,'N');
Insert into XDM_TASKS (TASK_ID,ELEM_KEY,PROG_ID,START_DATE,START_WHERE,TEXT,END_DATE,END_WHERE,PAX,REMARKS,FLIGHT_NO,PERS_ID,CXL_YN) values (5065,'SEDTRA',163,to_timestamp('11-10-26 05:45:00,000000000','RR-MM-DD HH24:MI:SS,FF'),'Marriott','AneuVGlqoiohaJvw',null,'Airport',1,null,'HZ 102',3,'N');
Insert into XDM_TASKS (TASK_ID,ELEM_KEY,PROG_ID,START_DATE,START_WHERE,TEXT,END_DATE,END_WHERE,PAX,REMARKS,FLIGHT_NO,PERS_ID,CXL_YN) values (5066,'SEDTRA',165,to_timestamp('11-10-26 06:30:00,000000000','RR-MM-DD HH24:MI:SS,FF'),'Island Hotel','smGgNWgJjkYEVb',null,'Airport',2,null,'HP 493',1,'N');
Insert into XDM_TASKS (TASK_ID,ELEM_KEY,PROG_ID,START_DATE,START_WHERE,TEXT,END_DATE,END_WHERE,PAX,REMARKS,FLIGHT_NO,PERS_ID,CXL_YN) values (5067,'SEDTRA',1418,to_timestamp('11-10-26 07:00:00,000000000','RR-MM-DD HH24:MI:SS,FF'),'Hilton','fAMSHeAaLpgi',null,'Airport',1,null,'IA 550',2,'N');
Insert into XDM_TASKS (TASK_ID,ELEM_KEY,PROG_ID,START_DATE,START_WHERE,TEXT,END_DATE,END_WHERE,PAX,REMARKS,FLIGHT_NO,PERS_ID,CXL_YN) values (5068,'SEDAPT',1036,to_timestamp('11-10-26 07:25:00,000000000','RR-MM-DD HH24:MI:SS,FF'),'Scandic Hotel','KVlNLyqWkcUbXjX',null,'Airport',1,null,'UQ 945',3,'N');
Insert into XDM_TASKS (TASK_ID,ELEM_KEY,PROG_ID,START_DATE,START_WHERE,TEXT,END_DATE,END_WHERE,PAX,REMARKS,FLIGHT_NO,PERS_ID,CXL_YN) values (5073,'49STRA',165,to_timestamp('11-10-24 23:00:00,000000000','RR-MM-DD HH24:MI:SS,FF'),'Hard Rock Caf',null,null,'Island Hotel',45,null,null,2,'N');
Insert into XDM_TASKS (TASK_ID,ELEM_KEY,PROG_ID,START_DATE,START_WHERE,TEXT,END_DATE,END_WHERE,PAX,REMARKS,FLIGHT_NO,PERS_ID,CXL_YN) values (5074,'49STRA',165,to_timestamp('11-10-24 23:00:00,000000000','RR-MM-DD HH24:MI:SS,FF'),'Hard Rock Caf',null,null,'Island Hotel',45,null,null,3,'N');
Insert into XDM_TASKS (TASK_ID,ELEM_KEY,PROG_ID,START_DATE,START_WHERE,TEXT,END_DATE,END_WHERE,PAX,REMARKS,FLIGHT_NO,PERS_ID,CXL_YN) values (5075,'SEDTRA',164,to_timestamp('11-10-25 05:00:00,000000000','RR-MM-DD HH24:MI:SS,FF'),'Royal Hotel','soQsdxwtLyQBqg',null,'Airport',1,null,'ZO 655',1,'N');
Insert into XDM_TASKS (TASK_ID,ELEM_KEY,PROG_ID,START_DATE,START_WHERE,TEXT,END_DATE,END_WHERE,PAX,REMARKS,FLIGHT_NO,PERS_ID,CXL_YN) values (5076,'SEDAPT',162,to_timestamp('11-10-25 05:20:00,000000000','RR-MM-DD HH24:MI:SS,FF'),'Imperial Hotel','FsOSKbFqeatqxMTBfu',null,'Airport',null,null,'NG 360',1,'N');
Insert into XDM_TASKS (TASK_ID,ELEM_KEY,PROG_ID,START_DATE,START_WHERE,TEXT,END_DATE,END_WHERE,PAX,REMARKS,FLIGHT_NO,PERS_ID,CXL_YN) values (5079,'SEDAPT',162,to_timestamp('11-10-25 07:30:00,000000000','RR-MM-DD HH24:MI:SS,FF'),'Imperial Hotel','rKNfrnveEAReqtCIUjAyHfT',null,'Airport',1,null,'XN 605',1,'N');
Insert into XDM_TASKS (TASK_ID,ELEM_KEY,PROG_ID,START_DATE,START_WHERE,TEXT,END_DATE,END_WHERE,PAX,REMARKS,FLIGHT_NO,PERS_ID,CXL_YN) values (5081,'SEDTRA',165,to_timestamp('11-10-25 08:00:00,000000000','RR-MM-DD HH24:MI:SS,FF'),'Island Hotel','ghTBXSScGvkhjNa',null,'Airport',2,null,'AU 309',3,'N');
Insert into XDM_TASKS (TASK_ID,ELEM_KEY,PROG_ID,START_DATE,START_WHERE,TEXT,END_DATE,END_WHERE,PAX,REMARKS,FLIGHT_NO,PERS_ID,CXL_YN) values (5082,'SEDAPT',1036,to_timestamp('11-10-25 08:30:00,000000000','RR-MM-DD HH24:MI:SS,FF'),'Scandic Hotel','xLbgyhWZScqPkhN',null,'Airport',1,null,'WZ 470',2,'N');
Insert into XDM_TASKS (TASK_ID,ELEM_KEY,PROG_ID,START_DATE,START_WHERE,TEXT,END_DATE,END_WHERE,PAX,REMARKS,FLIGHT_NO,PERS_ID,CXL_YN) values (5083,'SEDAPT',1036,to_timestamp('11-10-25 10:50:00,000000000','RR-MM-DD HH24:MI:SS,FF'),'Scandic Hotel','eyMKvaanMGurMCzFMQZ',null,'Airport',1,null,'RE 564',4,'N');
Insert into XDM_TASKS (TASK_ID,ELEM_KEY,PROG_ID,START_DATE,START_WHERE,TEXT,END_DATE,END_WHERE,PAX,REMARKS,FLIGHT_NO,PERS_ID,CXL_YN) values (5084,'SEDTRA',165,to_timestamp('11-10-25 11:00:00,000000000','RR-MM-DD HH24:MI:SS,FF'),'Island Hotel','fbVZjvIXjlEgxaSGfHJ',null,'Airport',2,null,'LX 735',2,'N');
Insert into XDM_TASKS (TASK_ID,ELEM_KEY,PROG_ID,START_DATE,START_WHERE,TEXT,END_DATE,END_WHERE,PAX,REMARKS,FLIGHT_NO,PERS_ID,CXL_YN) values (5085,'SEDTRA',1421,to_timestamp('11-10-25 10:30:00,000000000','RR-MM-DD HH24:MI:SS,FF'),'Scandic Hotel','AmEGTtAgcliBVrGGxZH',null,'Airport',1,null,'WH 699',4,'N');
Insert into XDM_TASKS (TASK_ID,ELEM_KEY,PROG_ID,START_DATE,START_WHERE,TEXT,END_DATE,END_WHERE,PAX,REMARKS,FLIGHT_NO,PERS_ID,CXL_YN) values (5086,'SEDAPT',162,to_timestamp('11-10-25 13:10:00,000000000','RR-MM-DD HH24:MI:SS,FF'),'Imperial Hotel','kuhfGknZAWULAsRWsYcCB',null,'Airport',1,null,'NR 362',4,'N');
Insert into XDM_TASKS (TASK_ID,ELEM_KEY,PROG_ID,START_DATE,START_WHERE,TEXT,END_DATE,END_WHERE,PAX,REMARKS,FLIGHT_NO,PERS_ID,CXL_YN) values (5087,'SEDTRA',167,to_timestamp('11-10-25 07:00:00,000000000','RR-MM-DD HH24:MI:SS,FF'),'Royal Hotel','VeKtasLdX',null,'Airport',1,null,'NN 348',4,'N');
Insert into XDM_TASKS (TASK_ID,ELEM_KEY,PROG_ID,START_DATE,START_WHERE,TEXT,END_DATE,END_WHERE,PAX,REMARKS,FLIGHT_NO,PERS_ID,CXL_YN) values (5088,'SEDTRA',165,to_timestamp('11-10-25 13:30:00,000000000','RR-MM-DD HH24:MI:SS,FF'),'Island Hotel','hDAMm',null,'Airport',1,null,'GJ 139',3,'N');
Insert into XDM_TASKS (TASK_ID,ELEM_KEY,PROG_ID,START_DATE,START_WHERE,TEXT,END_DATE,END_WHERE,PAX,REMARKS,FLIGHT_NO,PERS_ID,CXL_YN) values (5089,'SEDTRA',1421,to_timestamp('11-10-25 15:20:00,000000000','RR-MM-DD HH24:MI:SS,FF'),'Scandic Hotel','PkZeGqNMhUDFtuTJISEReUZqjHVcAjGblSvdil',null,'Airport',2,null,'NA 202',4,'N');
Insert into XDM_TASKS (TASK_ID,ELEM_KEY,PROG_ID,START_DATE,START_WHERE,TEXT,END_DATE,END_WHERE,PAX,REMARKS,FLIGHT_NO,PERS_ID,CXL_YN) values (5090,'SEDTRA',165,to_timestamp('11-10-25 16:00:00,000000000','RR-MM-DD HH24:MI:SS,FF'),'Island Hotel','pjWYjE',null,'Airport',1,null,'SJ 479',3,'N');
Insert into XDM_TASKS (TASK_ID,ELEM_KEY,PROG_ID,START_DATE,START_WHERE,TEXT,END_DATE,END_WHERE,PAX,REMARKS,FLIGHT_NO,PERS_ID,CXL_YN) values (5092,'16SD2',166,to_timestamp('11-10-25 17:00:00,000000000','RR-MM-DD HH24:MI:SS,FF'),'Conference Center',null,to_timestamp('11-10-25 19:00:00,000000000','RR-MM-DD HH24:MI:SS,FF'),'The Lobster',null,null,null,4,'N');
Insert into XDM_TASKS (TASK_ID,ELEM_KEY,PROG_ID,START_DATE,START_WHERE,TEXT,END_DATE,END_WHERE,PAX,REMARKS,FLIGHT_NO,PERS_ID,CXL_YN) values (5096,'6VANAPT',166,to_timestamp('11-10-24 16:05:00,000000000','RR-MM-DD HH24:MI:SS,FF'),'Scandic Hotel','zsuHHZUoSmyicgIseqnVSPaLeiUKVUkadNClHGdCIWSgVCuzlPVzkMod',null,'Airport',3,null,'TJ 850',1,'N');
Insert into XDM_TASKS (TASK_ID,ELEM_KEY,PROG_ID,START_DATE,START_WHERE,TEXT,END_DATE,END_WHERE,PAX,REMARKS,FLIGHT_NO,PERS_ID,CXL_YN) values (5097,'SEDAPT',166,to_timestamp('11-10-24 15:25:00,000000000','RR-MM-DD HH24:MI:SS,FF'),'Airport','bPRduEOvzBT',null,'Scandic Hotel',1,null,'GD 961',4,'N');
Insert into XDM_TASKS (TASK_ID,ELEM_KEY,PROG_ID,START_DATE,START_WHERE,TEXT,END_DATE,END_WHERE,PAX,REMARKS,FLIGHT_NO,PERS_ID,CXL_YN) values (5098,'SEDAPT',166,to_timestamp('11-10-24 15:35:00,000000000','RR-MM-DD HH24:MI:SS,FF'),'Airport','jmlunMFCnSVKPxpKGhZEEcUOBKrxIY',null,'Scandic Hotel',2,null,'KZ 813',2,'N');
Insert into XDM_TASKS (TASK_ID,ELEM_KEY,PROG_ID,START_DATE,START_WHERE,TEXT,END_DATE,END_WHERE,PAX,REMARKS,FLIGHT_NO,PERS_ID,CXL_YN) values (5099,'SEDAPT',166,to_timestamp('11-10-24 16:05:00,000000000','RR-MM-DD HH24:MI:SS,FF'),'Airport','lQHopmyUYnChztYF',null,'Royal Hotel',1,null,'YT 932',2,'N');
Insert into XDM_TASKS (TASK_ID,ELEM_KEY,PROG_ID,START_DATE,START_WHERE,TEXT,END_DATE,END_WHERE,PAX,REMARKS,FLIGHT_NO,PERS_ID,CXL_YN) values (5100,'SEDAPT',166,to_timestamp('11-10-24 16:05:00,000000000','RR-MM-DD HH24:MI:SS,FF'),'Airport','bjbeTzcVilxdswlr',null,'Hilton',1,null,'FR 944',2,'N');
Insert into XDM_TASKS (TASK_ID,ELEM_KEY,PROG_ID,START_DATE,START_WHERE,TEXT,END_DATE,END_WHERE,PAX,REMARKS,FLIGHT_NO,PERS_ID,CXL_YN) values (5101,'6VANAPT',166,to_timestamp('11-10-24 16:05:00,000000000','RR-MM-DD HH24:MI:SS,FF'),'Airport','TvGKxOSNxIOYxdhvydoLxktUCEShijMriJrwHrTZrqDRdJRgOmopgeLV',null,'Scandic Hotel',3,null,'PN 323',1,'N');
Insert into XDM_TASKS (TASK_ID,ELEM_KEY,PROG_ID,START_DATE,START_WHERE,TEXT,END_DATE,END_WHERE,PAX,REMARKS,FLIGHT_NO,PERS_ID,CXL_YN) values (5102,'SEDAPT',166,to_timestamp('11-10-24 18:20:00,000000000','RR-MM-DD HH24:MI:SS,FF'),'Airport','AYsgxfFgRGVFUAVqTrcauLARrHXP',null,'Scandic Hotel',2,null,'XA 770',2,'N');
Insert into XDM_TASKS (TASK_ID,ELEM_KEY,PROG_ID,START_DATE,START_WHERE,TEXT,END_DATE,END_WHERE,PAX,REMARKS,FLIGHT_NO,PERS_ID,CXL_YN) values (5104,'SEDAPT',166,to_timestamp('11-10-25 06:15:00,000000000','RR-MM-DD HH24:MI:SS,FF'),'Airport','KmWidRQapMmrg',null,'Scandic Hotel',1,null,'OE 895',1,'N');
Insert into XDM_TASKS (TASK_ID,ELEM_KEY,PROG_ID,START_DATE,START_WHERE,TEXT,END_DATE,END_WHERE,PAX,REMARKS,FLIGHT_NO,PERS_ID,CXL_YN) values (5105,'SEDAPT',166,to_timestamp('11-10-25 06:45:00,000000000','RR-MM-DD HH24:MI:SS,FF'),'Airport','PvLDSPzqzKrZbz',null,'Scandic Hotel',1,null,'PN 835',4,'N');
Insert into XDM_TASKS (TASK_ID,ELEM_KEY,PROG_ID,START_DATE,START_WHERE,TEXT,END_DATE,END_WHERE,PAX,REMARKS,FLIGHT_NO,PERS_ID,CXL_YN) values (5106,'SEDAPT',166,to_timestamp('11-10-25 07:05:00,000000000','RR-MM-DD HH24:MI:SS,FF'),'Airport','QQzYExXzUYoq',null,'Hilton',1,null,'JO 393',1,'N');
Insert into XDM_TASKS (TASK_ID,ELEM_KEY,PROG_ID,START_DATE,START_WHERE,TEXT,END_DATE,END_WHERE,PAX,REMARKS,FLIGHT_NO,PERS_ID,CXL_YN) values (5108,'SEDAPT',166,to_timestamp('11-10-25 08:10:00,000000000','RR-MM-DD HH24:MI:SS,FF'),'Airport','pfnjlMEDmPnSq',null,'Royal Hotel',1,null,'VL 587',3,'N');
Insert into XDM_TASKS (TASK_ID,ELEM_KEY,PROG_ID,START_DATE,START_WHERE,TEXT,END_DATE,END_WHERE,PAX,REMARKS,FLIGHT_NO,PERS_ID,CXL_YN) values (5109,'16SAPT',166,to_timestamp('11-10-25 08:25:00,000000000','RR-MM-DD HH24:MI:SS,FF'),'Airport','NqYbRQxIDogOnMtxPpdVsTlmSDLgNKMWdwIHAMeCjxETAdjbuhHHGEcgtkHfbKehlpWoYYzznhoswVOMkToUPpCXgQmbWIkVnaHYBiahPwADarteDwzqzgFSGJQugjUaIvQxEpuzPoXpgvBjMlSVppnukXTh',null,'Scandic Hotel',7,null,'JR 150',4,'N');
Insert into XDM_TASKS (TASK_ID,ELEM_KEY,PROG_ID,START_DATE,START_WHERE,TEXT,END_DATE,END_WHERE,PAX,REMARKS,FLIGHT_NO,PERS_ID,CXL_YN) values (5110,'SEDAPT',166,to_timestamp('11-10-25 08:30:00,000000000','RR-MM-DD HH24:MI:SS,FF'),'Airport','SvIXrRBegneSkW',null,'Hilton',1,null,'RH 345',1,'N');
Insert into XDM_TASKS (TASK_ID,ELEM_KEY,PROG_ID,START_DATE,START_WHERE,TEXT,END_DATE,END_WHERE,PAX,REMARKS,FLIGHT_NO,PERS_ID,CXL_YN) values (5111,'6VANAPT',166,to_timestamp('11-10-25 10:10:00,000000000','RR-MM-DD HH24:MI:SS,FF'),'Airport','gfcHCTviPWZHVtTkfWkCXGFYTNifCxIzBRxqNfGjEsDdQLBgARpBZqvAsKnEQDiRnWyiYZTjPnf',null,'Scandic Hotel',5,null,'LM 509',3,'N');
Insert into XDM_TASKS (TASK_ID,ELEM_KEY,PROG_ID,START_DATE,START_WHERE,TEXT,END_DATE,END_WHERE,PAX,REMARKS,FLIGHT_NO,PERS_ID,CXL_YN) values (5112,'6VANAPT',166,to_timestamp('11-10-25 10:10:00,000000000','RR-MM-DD HH24:MI:SS,FF'),'Airport','oRGFUeYhbnDzuckuejoArPBMpkUQQFVqrwAVXjVfEHhLQHsNIOTbeprdCbWljtXSkEVRMFajqWLHWuaxyosuuNUtYXGG',null,'Scandic Hotel',6,null,'FS 263',4,'N');
Insert into XDM_TASKS (TASK_ID,ELEM_KEY,PROG_ID,START_DATE,START_WHERE,TEXT,END_DATE,END_WHERE,PAX,REMARKS,FLIGHT_NO,PERS_ID,CXL_YN) values (5113,'SEDAPT',166,to_timestamp('11-10-25 10:10:00,000000000','RR-MM-DD HH24:MI:SS,FF'),'Airport','dsyoLDccMTx',null,'Hilton',1,null,'FW 897',3,'N');
Insert into XDM_TASKS (TASK_ID,ELEM_KEY,PROG_ID,START_DATE,START_WHERE,TEXT,END_DATE,END_WHERE,PAX,REMARKS,FLIGHT_NO,PERS_ID,CXL_YN) values (5116,'SEDTRA',165,to_timestamp('11-10-20 21:35:00,000000000','RR-MM-DD HH24:MI:SS,FF'),'Airport','TWUmLeFigLIWyrkGTwJ',null,'Island Hotel',2,null,'HK 162',2,'N');
Insert into XDM_TASKS (TASK_ID,ELEM_KEY,PROG_ID,START_DATE,START_WHERE,TEXT,END_DATE,END_WHERE,PAX,REMARKS,FLIGHT_NO,PERS_ID,CXL_YN) values (5122,'6VANAPT',166,to_timestamp('11-10-21 07:35:00,000000000','RR-MM-DD HH24:MI:SS,FF'),'Airport','ViAoWLZrAelYtSxrTdCJsdEjtuubquQYZAicqciRIRcKGuxgiwIAWkAOcuQNG',null,'Hilton',3,null,'WH 568',3,'N');
Insert into XDM_TASKS (TASK_ID,ELEM_KEY,PROG_ID,START_DATE,START_WHERE,TEXT,END_DATE,END_WHERE,PAX,REMARKS,FLIGHT_NO,PERS_ID,CXL_YN) values (5124,'SEDAPT',166,to_timestamp('11-10-21 07:50:00,000000000','RR-MM-DD HH24:MI:SS,FF'),'Airport','wSyqoldtBaFIdbczun',null,'Hilton',1,null,'HJ 883',1,'N');
Insert into XDM_TASKS (TASK_ID,ELEM_KEY,PROG_ID,START_DATE,START_WHERE,TEXT,END_DATE,END_WHERE,PAX,REMARKS,FLIGHT_NO,PERS_ID,CXL_YN) values (5125,'SEDAPT',166,to_timestamp('11-10-21 09:10:00,000000000','RR-MM-DD HH24:MI:SS,FF'),'Airport','PqTxralHDcaSqfOdzQ',null,'Hilton',1,null,'QP 746',4,'N');
Insert into XDM_TASKS (TASK_ID,ELEM_KEY,PROG_ID,START_DATE,START_WHERE,TEXT,END_DATE,END_WHERE,PAX,REMARKS,FLIGHT_NO,PERS_ID,CXL_YN) values (5004,'6VANAPT',166,to_timestamp('11-10-26 11:10:00,000000000','RR-MM-DD HH24:MI:SS,FF'),'Radisson','fybOykrEvOWHkWEWmiorYTWQeAdUTgOYTkRPxoaPtZUyFAzNOSISZFIJzEiSRGcOy',null,'Airport',4,null,'HG 452',4,'N');
Insert into XDM_TASKS (TASK_ID,ELEM_KEY,PROG_ID,START_DATE,START_WHERE,TEXT,END_DATE,END_WHERE,PAX,REMARKS,FLIGHT_NO,PERS_ID,CXL_YN) values (5005,'6VANAPT',166,to_timestamp('11-10-26 12:10:00,000000000','RR-MM-DD HH24:MI:SS,FF'),'Radisson','nWiKflfHIqdTVesTlmtmWiSpAhPvDesMrgQfktVbywsamCSqVLD',null,'Airport',3,null,'IH 511',1,'N');
Insert into XDM_TASKS (TASK_ID,ELEM_KEY,PROG_ID,START_DATE,START_WHERE,TEXT,END_DATE,END_WHERE,PAX,REMARKS,FLIGHT_NO,PERS_ID,CXL_YN) values (5009,'6VANAPT',166,to_timestamp('11-10-26 12:40:00,000000000','RR-MM-DD HH24:MI:SS,FF'),'Radisson','mdDyEeMAZVCPFKwuemZZHRCZBEANZFhqPOLKyZrPw',null,'Airport',3,null,'ZW 954',2,'N');
Insert into XDM_TASKS (TASK_ID,ELEM_KEY,PROG_ID,START_DATE,START_WHERE,TEXT,END_DATE,END_WHERE,PAX,REMARKS,FLIGHT_NO,PERS_ID,CXL_YN) values (5012,'6VANAPT',166,to_timestamp('11-10-26 12:55:00,000000000','RR-MM-DD HH24:MI:SS,FF'),'Scandic Hotel','BmyHjzdOQnmlQXSZXhgwUOHQbqmhvEgftLncTPiaEUsQtixhnitjjSSddlofDJuJzaOknBAbBYNOwFyOYgQfWyJ',null,'Airport',6,null,'FB 987',2,'N');
Insert into XDM_TASKS (TASK_ID,ELEM_KEY,PROG_ID,START_DATE,START_WHERE,TEXT,END_DATE,END_WHERE,PAX,REMARKS,FLIGHT_NO,PERS_ID,CXL_YN) values (5014,'SEDAPT',166,to_timestamp('11-10-26 13:15:00,000000000','RR-MM-DD HH24:MI:SS,FF'),'Scandic Hotel','wOhbzEWmuHdt',null,'Airport',1,null,'SD 770',2,'N');
Insert into XDM_TASKS (TASK_ID,ELEM_KEY,PROG_ID,START_DATE,START_WHERE,TEXT,END_DATE,END_WHERE,PAX,REMARKS,FLIGHT_NO,PERS_ID,CXL_YN) values (5015,'SEDAPT',166,to_timestamp('11-10-26 13:20:00,000000000','RR-MM-DD HH24:MI:SS,FF'),'Royal Hotel','DsgnmpHpJPdEJqij',null,'Airport',1,null,'YU 143',3,'N');
Insert into XDM_TASKS (TASK_ID,ELEM_KEY,PROG_ID,START_DATE,START_WHERE,TEXT,END_DATE,END_WHERE,PAX,REMARKS,FLIGHT_NO,PERS_ID,CXL_YN) values (5016,'SEDAPT',166,to_timestamp('11-10-26 13:20:00,000000000','RR-MM-DD HH24:MI:SS,FF'),'Radisson','jYEMexGYFIEaZvwK',null,'Airport',1,null,'UX 926',4,'N');
Insert into XDM_TASKS (TASK_ID,ELEM_KEY,PROG_ID,START_DATE,START_WHERE,TEXT,END_DATE,END_WHERE,PAX,REMARKS,FLIGHT_NO,PERS_ID,CXL_YN) values (5019,'6VANAPT',166,to_timestamp('11-10-26 13:40:00,000000000','RR-MM-DD HH24:MI:SS,FF'),'Royal Hotel','pzPnuCeCHFTiNQHijCzefOTQLkWOHUUIjQtzTpklgRHSBZrjnNqRSTqBjmBCWyLrVMigFsTPUHwgoKAzyMfa',null,'Airport',5,null,'XF 879',4,'N');
Insert into XDM_TASKS (TASK_ID,ELEM_KEY,PROG_ID,START_DATE,START_WHERE,TEXT,END_DATE,END_WHERE,PAX,REMARKS,FLIGHT_NO,PERS_ID,CXL_YN) values (5020,'SEDAPT',166,to_timestamp('11-10-26 13:40:00,000000000','RR-MM-DD HH24:MI:SS,FF'),'Radisson','nKKSCvBpowcBeqyGRLzHVmyGeqAhzhcKJVKYIkWtovQyxvnGWzH',null,'Airport',3,null,'WD 810',2,'N');
Insert into XDM_TASKS (TASK_ID,ELEM_KEY,PROG_ID,START_DATE,START_WHERE,TEXT,END_DATE,END_WHERE,PAX,REMARKS,FLIGHT_NO,PERS_ID,CXL_YN) values (5023,'6VANAPT',166,to_timestamp('11-10-25 11:15:00,000000000','RR-MM-DD HH24:MI:SS,FF'),'Airport','jqaGmnGwONIajiVqEpBuFsytnveZUUfXdMrXYQtCrJruaqsOIVdBhWeWmFgGHlTrZAxHzOswztofiqIwRI',null,'Scandic Hotel',5,null,'KA 361',3,'N');
Insert into XDM_TASKS (TASK_ID,ELEM_KEY,PROG_ID,START_DATE,START_WHERE,TEXT,END_DATE,END_WHERE,PAX,REMARKS,FLIGHT_NO,PERS_ID,CXL_YN) values (5024,'SEDAPT',166,to_timestamp('11-10-25 12:15:00,000000000','RR-MM-DD HH24:MI:SS,FF'),'Airport','bBqJtPRXefCN',null,'Hilton',1,null,'UY 574',4,'N');
Insert into XDM_TASKS (TASK_ID,ELEM_KEY,PROG_ID,START_DATE,START_WHERE,TEXT,END_DATE,END_WHERE,PAX,REMARKS,FLIGHT_NO,PERS_ID,CXL_YN) values (5027,'SEDAPT',166,to_timestamp('11-10-25 13:10:00,000000000','RR-MM-DD HH24:MI:SS,FF'),'Airport','mBcmNJipFnbTEgaJREwMTefmeybBIhQoahXYRyHnCpGWko',null,'Scandic Hotel',2,null,'RU 809',1,'N');
Insert into XDM_TASKS (TASK_ID,ELEM_KEY,PROG_ID,START_DATE,START_WHERE,TEXT,END_DATE,END_WHERE,PAX,REMARKS,FLIGHT_NO,PERS_ID,CXL_YN) values (5029,'SEDAPT',166,to_timestamp('11-10-25 13:40:00,000000000','RR-MM-DD HH24:MI:SS,FF'),'Airport','zegUyrVeiwTtCjET',null,'Royal Hotel',1,null,'XF 624',3,'N');
Insert into XDM_TASKS (TASK_ID,ELEM_KEY,PROG_ID,START_DATE,START_WHERE,TEXT,END_DATE,END_WHERE,PAX,REMARKS,FLIGHT_NO,PERS_ID,CXL_YN) values (5031,'6VANAPT',166,to_timestamp('11-10-25 13:45:00,000000000','RR-MM-DD HH24:MI:SS,FF'),'Airport','aypEPzcfjGEIlecUPqhAbTqKFdlKHSmFDQpZtldVabwjWrrdjdvl',null,'Scandic Hotel',3,null,'DL 947',4,'N');
Insert into XDM_TASKS (TASK_ID,ELEM_KEY,PROG_ID,START_DATE,START_WHERE,TEXT,END_DATE,END_WHERE,PAX,REMARKS,FLIGHT_NO,PERS_ID,CXL_YN) values (5032,'SEDAPT',166,to_timestamp('11-10-25 14:25:00,000000000','RR-MM-DD HH24:MI:SS,FF'),'Airport','yfLfbbPWROkmWu',null,'Hilton',1,null,'WZ 585',4,'N');
Insert into XDM_TASKS (TASK_ID,ELEM_KEY,PROG_ID,START_DATE,START_WHERE,TEXT,END_DATE,END_WHERE,PAX,REMARKS,FLIGHT_NO,PERS_ID,CXL_YN) values (5033,'SEDAPT',166,to_timestamp('11-10-25 15:40:00,000000000','RR-MM-DD HH24:MI:SS,FF'),'Airport','iePFpqSdkyKhopGh',null,'Hilton',1,null,'VU 166',2,'N');
Insert into XDM_TASKS (TASK_ID,ELEM_KEY,PROG_ID,START_DATE,START_WHERE,TEXT,END_DATE,END_WHERE,PAX,REMARKS,FLIGHT_NO,PERS_ID,CXL_YN) values (5034,'SEDAPT',166,to_timestamp('11-10-25 15:40:00,000000000','RR-MM-DD HH24:MI:SS,FF'),'Airport','wFxxlerEwLANIxWfOmxhTCHgjIMzViJLcPMWROyeq',null,'Scandic Hotel',2,null,'OC 338',1,'N');
Insert into XDM_TASKS (TASK_ID,ELEM_KEY,PROG_ID,START_DATE,START_WHERE,TEXT,END_DATE,END_WHERE,PAX,REMARKS,FLIGHT_NO,PERS_ID,CXL_YN) values (5037,'SEDAPT',166,to_timestamp('11-10-25 16:05:00,000000000','RR-MM-DD HH24:MI:SS,FF'),'Airport','EDQeHrQfVRbHMwXrqaIdePODR',null,'Royal Hotel',1,null,'UO 825',1,'N');
Insert into XDM_TASKS (TASK_ID,ELEM_KEY,PROG_ID,START_DATE,START_WHERE,TEXT,END_DATE,END_WHERE,PAX,REMARKS,FLIGHT_NO,PERS_ID,CXL_YN) values (5039,'SEDAPT',166,to_timestamp('11-10-25 17:25:00,000000000','RR-MM-DD HH24:MI:SS,FF'),'Airport','iJqVWvbQrWMLxnnVT',null,'Hilton',1,null,'PD 449',3,'N');
Insert into XDM_TASKS (TASK_ID,ELEM_KEY,PROG_ID,START_DATE,START_WHERE,TEXT,END_DATE,END_WHERE,PAX,REMARKS,FLIGHT_NO,PERS_ID,CXL_YN) values (5040,'SEDAPT',166,to_timestamp('11-10-25 18:10:00,000000000','RR-MM-DD HH24:MI:SS,FF'),'Airport','SxRbarhZUtvVjOc',null,'Hilton',1,null,'ET 378',2,'N');
Insert into XDM_TASKS (TASK_ID,ELEM_KEY,PROG_ID,START_DATE,START_WHERE,TEXT,END_DATE,END_WHERE,PAX,REMARKS,FLIGHT_NO,PERS_ID,CXL_YN) values (5042,'SEDAPT',166,to_timestamp('11-10-26 04:10:00,000000000','RR-MM-DD HH24:MI:SS,FF'),'Airport','ldhrQIdjQ',null,'Hotel Not Required',1,null,'TT 842',1,'N');
Insert into XDM_TASKS (TASK_ID,ELEM_KEY,PROG_ID,START_DATE,START_WHERE,TEXT,END_DATE,END_WHERE,PAX,REMARKS,FLIGHT_NO,PERS_ID,CXL_YN) values (5044,'SEDAPT',166,to_timestamp('11-10-26 05:00:00,000000000','RR-MM-DD HH24:MI:SS,FF'),'Airport','FgebSpvOOxfZCbfknFXRuZgA',null,'Hilton',2,null,'MW 878',3,'N');
Insert into XDM_TASKS (TASK_ID,ELEM_KEY,PROG_ID,START_DATE,START_WHERE,TEXT,END_DATE,END_WHERE,PAX,REMARKS,FLIGHT_NO,PERS_ID,CXL_YN) values (5045,'SEDAPT',166,to_timestamp('11-10-26 05:05:00,000000000','RR-MM-DD HH24:MI:SS,FF'),'Airport','dhSXPqXlVHNvWnfXaOpuFUdpxrDHxIUjNwyhfSA',null,'Royal Hotel',2,null,'UQ 395',2,'N');
Insert into XDM_TASKS (TASK_ID,ELEM_KEY,PROG_ID,START_DATE,START_WHERE,TEXT,END_DATE,END_WHERE,PAX,REMARKS,FLIGHT_NO,PERS_ID,CXL_YN) values (5047,'SEDAPT',166,to_timestamp('11-10-26 05:50:00,000000000','RR-MM-DD HH24:MI:SS,FF'),'Airport','qbYVeMysViDMdBG',null,'Hilton',1,null,'IB 290',4,'N');
Insert into XDM_TASKS (TASK_ID,ELEM_KEY,PROG_ID,START_DATE,START_WHERE,TEXT,END_DATE,END_WHERE,PAX,REMARKS,FLIGHT_NO,PERS_ID,CXL_YN) values (5048,'SEDAPT',166,to_timestamp('11-10-26 06:15:00,000000000','RR-MM-DD HH24:MI:SS,FF'),'Airport','fGfHKTUflEREPHrSLKmRd',null,'Scandic Hotel',1,null,'ZQ 903',4,'N');
Insert into XDM_TASKS (TASK_ID,ELEM_KEY,PROG_ID,START_DATE,START_WHERE,TEXT,END_DATE,END_WHERE,PAX,REMARKS,FLIGHT_NO,PERS_ID,CXL_YN) values (5049,'SEDAPT',166,to_timestamp('11-10-26 06:20:00,000000000','RR-MM-DD HH24:MI:SS,FF'),'Airport','teKVSIFyaUpPt',null,'Hilton',1,null,'LS 994',1,'N');
Insert into XDM_TASKS (TASK_ID,ELEM_KEY,PROG_ID,START_DATE,START_WHERE,TEXT,END_DATE,END_WHERE,PAX,REMARKS,FLIGHT_NO,PERS_ID,CXL_YN) values (5050,'SEDAPT',166,to_timestamp('11-10-26 06:25:00,000000000','RR-MM-DD HH24:MI:SS,FF'),'Airport','bYfUZvutdllERD',null,'Royal Hotel',1,null,'YK 296',1,'N');
Insert into XDM_TASKS (TASK_ID,ELEM_KEY,PROG_ID,START_DATE,START_WHERE,TEXT,END_DATE,END_WHERE,PAX,REMARKS,FLIGHT_NO,PERS_ID,CXL_YN) values (5051,'SEDAPT',166,to_timestamp('11-10-26 06:30:00,000000000','RR-MM-DD HH24:MI:SS,FF'),'Airport','fUVpXfRAZoMJuoVAytdvbROGDP',null,'Hilton',1,null,'BF 589',2,'N');
Insert into XDM_TASKS (TASK_ID,ELEM_KEY,PROG_ID,START_DATE,START_WHERE,TEXT,END_DATE,END_WHERE,PAX,REMARKS,FLIGHT_NO,PERS_ID,CXL_YN) values (5052,'49SCITY',166,to_timestamp('11-10-25 19:00:00,000000000','RR-MM-DD HH24:MI:SS,FF'),'Hilton',null,null,'La Brasserie',45,null,null,1,'N');
Insert into XDM_TASKS (TASK_ID,ELEM_KEY,PROG_ID,START_DATE,START_WHERE,TEXT,END_DATE,END_WHERE,PAX,REMARKS,FLIGHT_NO,PERS_ID,CXL_YN) values (5053,'49SCITY',166,to_timestamp('11-10-25 19:00:00,000000000','RR-MM-DD HH24:MI:SS,FF'),'Hilton',null,null,'La Brasserie',45,null,null,1,'N');
Insert into XDM_TASKS (TASK_ID,ELEM_KEY,PROG_ID,START_DATE,START_WHERE,TEXT,END_DATE,END_WHERE,PAX,REMARKS,FLIGHT_NO,PERS_ID,CXL_YN) values (5055,'49SCITYEV',166,to_timestamp('11-10-25 22:30:00,000000000','RR-MM-DD HH24:MI:SS,FF'),'La Brasserie',null,null,'Various hotels',null,null,null,3,'N');
Insert into XDM_TASKS (TASK_ID,ELEM_KEY,PROG_ID,START_DATE,START_WHERE,TEXT,END_DATE,END_WHERE,PAX,REMARKS,FLIGHT_NO,PERS_ID,CXL_YN) values (5056,'49SCITYEV',166,to_timestamp('11-10-25 22:30:00,000000000','RR-MM-DD HH24:MI:SS,FF'),'La Brasserie',null,null,'Various hotels',null,null,null,3,'N');
Insert into XDM_TASKS (TASK_ID,ELEM_KEY,PROG_ID,START_DATE,START_WHERE,TEXT,END_DATE,END_WHERE,PAX,REMARKS,FLIGHT_NO,PERS_ID,CXL_YN) values (5057,'49SCITYEV',166,to_timestamp('11-10-25 22:30:00,000000000','RR-MM-DD HH24:MI:SS,FF'),'La Brasserie',null,null,'Various hotels',null,null,null,1,'N');
Insert into XDM_TASKS (TASK_ID,ELEM_KEY,PROG_ID,START_DATE,START_WHERE,TEXT,END_DATE,END_WHERE,PAX,REMARKS,FLIGHT_NO,PERS_ID,CXL_YN) values (5058,'49STRA',165,to_timestamp('11-10-25 23:00:00,000000000','RR-MM-DD HH24:MI:SS,FF'),'Ocean Club',null,null,'Island Hotel',45,null,null,4,'N');
Insert into XDM_TASKS (TASK_ID,ELEM_KEY,PROG_ID,START_DATE,START_WHERE,TEXT,END_DATE,END_WHERE,PAX,REMARKS,FLIGHT_NO,PERS_ID,CXL_YN) values (5059,'81STRA',162,to_timestamp('11-10-25 22:30:00,000000000','RR-MM-DD HH24:MI:SS,FF'),'The Embassy',null,null,'Scandic Hotel',76,null,null,4,'N');
Insert into XDM_TASKS (TASK_ID,ELEM_KEY,PROG_ID,START_DATE,START_WHERE,TEXT,END_DATE,END_WHERE,PAX,REMARKS,FLIGHT_NO,PERS_ID,CXL_YN) values (5060,'81STRA',162,to_timestamp('11-10-25 22:30:00,000000000','RR-MM-DD HH24:MI:SS,FF'),'The Embassy',null,null,'Scandic Hotel',70,null,null,4,'N');
Insert into XDM_TASKS (TASK_ID,ELEM_KEY,PROG_ID,START_DATE,START_WHERE,TEXT,END_DATE,END_WHERE,PAX,REMARKS,FLIGHT_NO,PERS_ID,CXL_YN) values (5061,'40STRA',162,to_timestamp('11-10-25 22:30:00,000000000','RR-MM-DD HH24:MI:SS,FF'),'The Embassy',null,null,'Hilton',31,null,null,2,'N');
Insert into XDM_TASKS (TASK_ID,ELEM_KEY,PROG_ID,START_DATE,START_WHERE,TEXT,END_DATE,END_WHERE,PAX,REMARKS,FLIGHT_NO,PERS_ID,CXL_YN) values (5062,'16SCITYEV',166,to_timestamp('11-10-25 23:00:00,000000000','RR-MM-DD HH24:MI:SS,FF'),'La Brasserie',null,null,'Hilton',15,null,null,4,'N');
Insert into XDM_TASKS (TASK_ID,ELEM_KEY,PROG_ID,START_DATE,START_WHERE,TEXT,END_DATE,END_WHERE,PAX,REMARKS,FLIGHT_NO,PERS_ID,CXL_YN) values (4959,'30SAPT',166,to_timestamp('11-10-26 15:25:00,000000000','RR-MM-DD HH24:MI:SS,FF'),'Radisson','JSCZJRstKTmcjUIchtTekFCFngqubjUalZstaCkXdXgmkCqFmPlTfkvwzsUkBNUwtfWJWszLQzQUItLawcOHUQXlSMebPETXCCvHvqRCPCnoeHXvVisVerhMrAlmwTjSCMbDjcdLfCvyXugnvWxtwBjuDgtsJAVSPPrNjAGAloTBmOznXigtUSMGtVvtcyduRnMHunngLRviPjhbPZldTiYIknGMzkuCbgIhBnUizbbjBuiIugWvhBCCaSTuXijmxEPRWBKPBMMUdGRfUdIgmxECzcbZWDVwfrAYwsXwtjQLIUhvwbbJfnpwgrrtFfLhDNtZzpbNMYruRm',null,'Airport',21,null,'CJ 175',1,'N');
Insert into XDM_TASKS (TASK_ID,ELEM_KEY,PROG_ID,START_DATE,START_WHERE,TEXT,END_DATE,END_WHERE,PAX,REMARKS,FLIGHT_NO,PERS_ID,CXL_YN) values (4960,'40SAPT',166,to_timestamp('11-10-26 15:25:00,000000000','RR-MM-DD HH24:MI:SS,FF'),'Scandic Hotel','xvDCjCrKtMirRBYjdxwKkIJJIIASExamrjtavwqFtlFLbXYFKIicCavGDDVnzRxkvbSNyOoXjCVMfiOTRjvHXVtunPOuOnqpNYYamNdtLEpiIKaUmRvXmqfjqgHMBfMwaunSvsNcnlpgfTPagJSAdVYEEgmosqqlycAECnxaCkERJvJXpZNeAlBfaaGoiEOmOqlhHMAjuWSmRicuFATtbrRZCGtkrLNRbpzQIKGkvfRSUdZgaZiJwfMRxeRzYOAWLRDZsieBfkMvVqFdgbuorZiZTQPgYHGGxUrMMEhGJuFRWRudGLnPnjvehSGQqlIcFDIhvnjqWAFNrcDZcCwLqBlfnxdCpqjPyOyREdTcLsdeLyEKVCcgmuItBmjldSFUOEfvGXBnvaqCAppJAGjckrJzAiChvZwawIaSWGyQcTjnkxCBsTNNJOUPmhdBxyOsiQUWwnadZSQUoLBtBQuEoRpjqDTTEMJLkDKgkdeSlehxaVIoyYGlPD',null,'Airport',31,null,'XW 590',4,'N');
Insert into XDM_TASKS (TASK_ID,ELEM_KEY,PROG_ID,START_DATE,START_WHERE,TEXT,END_DATE,END_WHERE,PAX,REMARKS,FLIGHT_NO,PERS_ID,CXL_YN) values (4963,'6VANAPT',166,to_timestamp('11-10-26 15:40:00,000000000','RR-MM-DD HH24:MI:SS,FF'),'Radisson','bGvwkkUItDztyvpoXjrbfvVWMSlGWoXsdTgwSOpLjZBukQLxXKNtjFToZhCHYsBWW',null,'Airport',4,null,'CR 960',4,'N');
Insert into XDM_TASKS (TASK_ID,ELEM_KEY,PROG_ID,START_DATE,START_WHERE,TEXT,END_DATE,END_WHERE,PAX,REMARKS,FLIGHT_NO,PERS_ID,CXL_YN) values (4968,'6VANAPT',166,to_timestamp('11-10-26 16:05:00,000000000','RR-MM-DD HH24:MI:SS,FF'),'Radisson','GDgYyzrXPDfVGTmsdWrpfTVbZmuxJnxNJr',null,'Airport',3,null,'VQ 652',2,'N');
Insert into XDM_TASKS (TASK_ID,ELEM_KEY,PROG_ID,START_DATE,START_WHERE,TEXT,END_DATE,END_WHERE,PAX,REMARKS,FLIGHT_NO,PERS_ID,CXL_YN) values (4970,'SEDAPT',166,to_timestamp('11-10-26 16:15:00,000000000','RR-MM-DD HH24:MI:SS,FF'),'Radisson','tHQXtSKDy',null,'Airport',1,null,'WD 862',2,'N');
Insert into XDM_TASKS (TASK_ID,ELEM_KEY,PROG_ID,START_DATE,START_WHERE,TEXT,END_DATE,END_WHERE,PAX,REMARKS,FLIGHT_NO,PERS_ID,CXL_YN) values (4971,'6VANAPT',166,to_timestamp('11-10-26 17:05:00,000000000','RR-MM-DD HH24:MI:SS,FF'),'Royal Hotel','lgfXManjlpmtvrlvbSTnjzbyOPoQclltKZgRjMwXszjVyBojirhBJfxAwTooMZdwPSLeEiTTRDJ',null,'Airport',5,null,'HO 752',1,'N');
Insert into XDM_TASKS (TASK_ID,ELEM_KEY,PROG_ID,START_DATE,START_WHERE,TEXT,END_DATE,END_WHERE,PAX,REMARKS,FLIGHT_NO,PERS_ID,CXL_YN) values (4973,'6VANAPT',166,to_timestamp('11-10-26 17:25:00,000000000','RR-MM-DD HH24:MI:SS,FF'),'Radisson','KTObdwEYaElyVohcwQhOaBAZeyFRBQsEJaMGXYpHxAWMXMOKCSTrTMIpSTteMxdj',null,'Airport',4,null,'EG 318',4,'N');
Insert into XDM_TASKS (TASK_ID,ELEM_KEY,PROG_ID,START_DATE,START_WHERE,TEXT,END_DATE,END_WHERE,PAX,REMARKS,FLIGHT_NO,PERS_ID,CXL_YN) values (4974,'SEDAPT',166,to_timestamp('11-10-26 18:15:00,000000000','RR-MM-DD HH24:MI:SS,FF'),'Radisson','exFtMXjuQEaxOOk',null,'Airport',1,null,'UN 594',3,'N');
Insert into XDM_TASKS (TASK_ID,ELEM_KEY,PROG_ID,START_DATE,START_WHERE,TEXT,END_DATE,END_WHERE,PAX,REMARKS,FLIGHT_NO,PERS_ID,CXL_YN) values (4976,'SEDAPT',166,to_timestamp('11-10-27 05:05:00,000000000','RR-MM-DD HH24:MI:SS,FF'),'Radisson','JmVMccJMunSGFxxBqUGaxENCWln',null,'Airport',2,null,'PG 956',2,'N');
Insert into XDM_TASKS (TASK_ID,ELEM_KEY,PROG_ID,START_DATE,START_WHERE,TEXT,END_DATE,END_WHERE,PAX,REMARKS,FLIGHT_NO,PERS_ID,CXL_YN) values (4977,'6VANAPT',166,to_timestamp('11-10-27 07:05:00,000000000','RR-MM-DD HH24:MI:SS,FF'),'Radisson','VZIDUOaOIIfctERfrNerjopSZqxwfXJiBlMhJOhONdZvvlmRKiElLaGvQGAAmjxJtsJDSyuFqEmeabk',null,'Airport',5,null,'WW 205',1,'N');
Insert into XDM_TASKS (TASK_ID,ELEM_KEY,PROG_ID,START_DATE,START_WHERE,TEXT,END_DATE,END_WHERE,PAX,REMARKS,FLIGHT_NO,PERS_ID,CXL_YN) values (4978,'6VANAPT',166,to_timestamp('11-10-27 08:10:00,000000000','RR-MM-DD HH24:MI:SS,FF'),'Radisson','kZCiryQdSrNhwyeYGViyNkgWBnrQlCrfqIjrlAabkFqzQdSLL',null,'Airport',3,null,'XK 752',2,'N');
Insert into XDM_TASKS (TASK_ID,ELEM_KEY,PROG_ID,START_DATE,START_WHERE,TEXT,END_DATE,END_WHERE,PAX,REMARKS,FLIGHT_NO,PERS_ID,CXL_YN) values (4979,'SEDAPT',166,to_timestamp('11-10-27 08:15:00,000000000','RR-MM-DD HH24:MI:SS,FF'),'Radisson','mksKIHlNtzcBIIIzwZhyFAraZy',null,'Airport',1,null,'KW 353',1,'N');
Insert into XDM_TASKS (TASK_ID,ELEM_KEY,PROG_ID,START_DATE,START_WHERE,TEXT,END_DATE,END_WHERE,PAX,REMARKS,FLIGHT_NO,PERS_ID,CXL_YN) values (4980,'SEDAPT',166,to_timestamp('11-10-27 08:55:00,000000000','RR-MM-DD HH24:MI:SS,FF'),'Hilton','eNyiMZbJwLzQDB',null,'Airport',1,null,'HT 702',4,'N');
Insert into XDM_TASKS (TASK_ID,ELEM_KEY,PROG_ID,START_DATE,START_WHERE,TEXT,END_DATE,END_WHERE,PAX,REMARKS,FLIGHT_NO,PERS_ID,CXL_YN) values (4981,'SEDAPT',166,to_timestamp('11-10-27 10:00:00,000000000','RR-MM-DD HH24:MI:SS,FF'),'Radisson','iUnJjkjCQhPiSDmLjXY',null,'Airport',1,null,'NU 368',3,'N');
Insert into XDM_TASKS (TASK_ID,ELEM_KEY,PROG_ID,START_DATE,START_WHERE,TEXT,END_DATE,END_WHERE,PAX,REMARKS,FLIGHT_NO,PERS_ID,CXL_YN) values (4983,'SEDAPT',166,to_timestamp('11-10-27 11:10:00,000000000','RR-MM-DD HH24:MI:SS,FF'),'Radisson','XdxXgqueyoBX',null,'Airport',1,null,'NI 860',2,'N');
Insert into XDM_TASKS (TASK_ID,ELEM_KEY,PROG_ID,START_DATE,START_WHERE,TEXT,END_DATE,END_WHERE,PAX,REMARKS,FLIGHT_NO,PERS_ID,CXL_YN) values (4985,'SEDAPT',166,to_timestamp('11-10-27 13:10:00,000000000','RR-MM-DD HH24:MI:SS,FF'),'Scandic Hotel','oTMNDioePx',null,'Airport',1,null,'VF 980',1,'N');
Insert into XDM_TASKS (TASK_ID,ELEM_KEY,PROG_ID,START_DATE,START_WHERE,TEXT,END_DATE,END_WHERE,PAX,REMARKS,FLIGHT_NO,PERS_ID,CXL_YN) values (4986,'SEDAPT',166,to_timestamp('11-10-27 15:30:00,000000000','RR-MM-DD HH24:MI:SS,FF'),'Radisson','yIFAWwVjqaDwinq',null,'Airport',1,null,'YF 507',2,'N');
Insert into XDM_TASKS (TASK_ID,ELEM_KEY,PROG_ID,START_DATE,START_WHERE,TEXT,END_DATE,END_WHERE,PAX,REMARKS,FLIGHT_NO,PERS_ID,CXL_YN) values (4987,'SEDAPT',166,to_timestamp('11-10-26 08:10:00,000000000','RR-MM-DD HH24:MI:SS,FF'),'Radisson','rIZGIgpDDkkVGV',null,'Airport',1,null,'UX 897',2,'N');
Insert into XDM_TASKS (TASK_ID,ELEM_KEY,PROG_ID,START_DATE,START_WHERE,TEXT,END_DATE,END_WHERE,PAX,REMARKS,FLIGHT_NO,PERS_ID,CXL_YN) values (4995,'6VANAPT',166,to_timestamp('11-10-26 10:10:00,000000000','RR-MM-DD HH24:MI:SS,FF'),'Scandic Hotel','yygvFpLrEXxnAQufalfPAkQIAQkxiBEVHzpKdlthKBxTGPaJQCObEOXzP',null,'Airport',4,null,'QN 177',1,'N');
Insert into XDM_TASKS (TASK_ID,ELEM_KEY,PROG_ID,START_DATE,START_WHERE,TEXT,END_DATE,END_WHERE,PAX,REMARKS,FLIGHT_NO,PERS_ID,CXL_YN) values (4997,'6VANAPT',166,to_timestamp('11-10-26 10:00:00,000000000','RR-MM-DD HH24:MI:SS,FF'),'Radisson','nMkmdiHAqSQTyZnPcUWPizVBFthnvxJCmtCfwiEFpPjPSbHs',null,'Airport',3,null,'MY 559',3,'N');
Insert into XDM_TASKS (TASK_ID,ELEM_KEY,PROG_ID,START_DATE,START_WHERE,TEXT,END_DATE,END_WHERE,PAX,REMARKS,FLIGHT_NO,PERS_ID,CXL_YN) values (4999,'SEDAPT',166,to_timestamp('11-10-26 10:25:00,000000000','RR-MM-DD HH24:MI:SS,FF'),'Royal Hotel','xCsIGhWAcsYtqzp',null,'Airport',1,null,'BI 103',2,'N');
Insert into XDM_TASKS (TASK_ID,ELEM_KEY,PROG_ID,START_DATE,START_WHERE,TEXT,END_DATE,END_WHERE,PAX,REMARKS,FLIGHT_NO,PERS_ID,CXL_YN) values (5001,'SEDAPT',166,to_timestamp('11-10-26 11:00:00,000000000','RR-MM-DD HH24:MI:SS,FF'),'Radisson','ZUALUkzHpjErTdx',null,'Airport',1,null,'AF 575',2,'N');
Insert into XDM_TASKS (TASK_ID,ELEM_KEY,PROG_ID,START_DATE,START_WHERE,TEXT,END_DATE,END_WHERE,PAX,REMARKS,FLIGHT_NO,PERS_ID,CXL_YN) values (5003,'16SAPT',166,to_timestamp('11-10-26 11:10:00,000000000','RR-MM-DD HH24:MI:SS,FF'),'Royal Hotel','ZYhjFoUFfAygLFHwxWIivDneJRVwVaUfHUMtuOhabLtZjXqKNbTBCmFiqCgaOokmUKaFTpWZiBHebeoXsoyXMaNxXtUICRNwWUeDNNjvdbgdQuGjr',null,'Airport',9,null,'XE 892',4,'N');
Insert into XDM_TASKS (TASK_ID,ELEM_KEY,PROG_ID,START_DATE,START_WHERE,TEXT,END_DATE,END_WHERE,PAX,REMARKS,FLIGHT_NO,PERS_ID,CXL_YN) values (4904,'SEDAPT',166,to_timestamp('11-10-27 10:20:00,000000000','RR-MM-DD HH24:MI:SS,FF'),'Radisson','JdnEftyYxJVrD',null,'Airport',1,null,'NU 426',1,'N');
Insert into XDM_TASKS (TASK_ID,ELEM_KEY,PROG_ID,START_DATE,START_WHERE,TEXT,END_DATE,END_WHERE,PAX,REMARKS,FLIGHT_NO,PERS_ID,CXL_YN) values (4905,'40SAPT',166,to_timestamp('11-10-26 15:25:00,000000000','RR-MM-DD HH24:MI:SS,FF'),'Airport','htREkfeHoHnYOqaxeckutEOClYTlgwngWGSYudTBjIisefcYbJrCaGGTSlqRcRoLOFxJUtyNkSmXkqbMhLoGCtzpsJpXvHMxOfByYbmLbeaKxhfzxfXfLnAGOmgPALLzxnVJSNYJpOQzbfopoNDGuMEdRiOZmyKZSvTPvEJnuofmSpvDzkWvYQcPWjiFLjjHKkPWjyciBitMBAgRSkVKOnpofCUGntvEYvJBnYmBTPIZQJhoUEQZWZwqmkdXrXnaeCOpYTSlzdkewWczGlgKSrvLfnZfwacxSWPpczaThADTvYqsVJiJOimJqoUVtuiRAATZWDTomjdNQlEAwHpLJOGILkKWuJliBWsRcJhHtLXeUqKnwKhCIpaLkdvQMEWnGWfsulIqTMqdEQvHurYDyLtlAnioNDuzhDXOcSdPXXfNGVTfVUULPPYGJOgIoDpBQNshjYXRPERFgMQVICAdTTGrREXQVTRnlYvquqwkZlQwcpcSRglHWwthRPxFspFAcMvbDNGhoQavJjJilJYsQLVDntvnfBlCyLYgCjzGxMDffDQCYW',null,'Scandic Hotel',35,null,'AR 619',4,'N');
Insert into XDM_TASKS (TASK_ID,ELEM_KEY,PROG_ID,START_DATE,START_WHERE,TEXT,END_DATE,END_WHERE,PAX,REMARKS,FLIGHT_NO,PERS_ID,CXL_YN) values (4908,'SEDAPT',166,to_timestamp('11-10-27 16:30:00,000000000','RR-MM-DD HH24:MI:SS,FF'),'Radisson','ovfUPBENoCH',null,'Airport',1,null,'CQ 776',2,'N');
Insert into XDM_TASKS (TASK_ID,ELEM_KEY,PROG_ID,START_DATE,START_WHERE,TEXT,END_DATE,END_WHERE,PAX,REMARKS,FLIGHT_NO,PERS_ID,CXL_YN) values (4911,'SEDAPT',166,to_timestamp('11-10-23 10:30:00,000000000','RR-MM-DD HH24:MI:SS,FF'),'Airport','XNbalshwMYCSoeSHKHNPl',null,'Scandic Hotel',2,null,'NO 506',3,'N');
Insert into XDM_TASKS (TASK_ID,ELEM_KEY,PROG_ID,START_DATE,START_WHERE,TEXT,END_DATE,END_WHERE,PAX,REMARKS,FLIGHT_NO,PERS_ID,CXL_YN) values (4912,'SEDAPT',166,to_timestamp('11-10-23 10:40:00,000000000','RR-MM-DD HH24:MI:SS,FF'),'Airport','atgJShxyxNVsBPVVitiRv',null,'Scandic Hotel',1,null,'KQ 771',1,'N');
Insert into XDM_TASKS (TASK_ID,ELEM_KEY,PROG_ID,START_DATE,START_WHERE,TEXT,END_DATE,END_WHERE,PAX,REMARKS,FLIGHT_NO,PERS_ID,CXL_YN) values (4916,'49SCIBC',166,to_timestamp('11-10-23 11:30:00,000000000','RR-MM-DD HH24:MI:SS,FF'),'Hilton',null,null,'Conference Center',47,null,null,1,'N');
Insert into XDM_TASKS (TASK_ID,ELEM_KEY,PROG_ID,START_DATE,START_WHERE,TEXT,END_DATE,END_WHERE,PAX,REMARKS,FLIGHT_NO,PERS_ID,CXL_YN) values (4917,'57SCIBC',166,to_timestamp('11-10-23 11:30:00,000000000','RR-MM-DD HH24:MI:SS,FF'),'Hilton',null,null,'Conference Center',52,null,null,4,'N');
Insert into XDM_TASKS (TASK_ID,ELEM_KEY,PROG_ID,START_DATE,START_WHERE,TEXT,END_DATE,END_WHERE,PAX,REMARKS,FLIGHT_NO,PERS_ID,CXL_YN) values (4919,'49SCIBC',166,to_timestamp('11-10-23 11:30:00,000000000','RR-MM-DD HH24:MI:SS,FF'),'Scandic Hotel',null,null,'Conference Center',49,null,null,1,'N');
Insert into XDM_TASKS (TASK_ID,ELEM_KEY,PROG_ID,START_DATE,START_WHERE,TEXT,END_DATE,END_WHERE,PAX,REMARKS,FLIGHT_NO,PERS_ID,CXL_YN) values (4920,'40SCIBC',166,to_timestamp('11-10-23 11:30:00,000000000','RR-MM-DD HH24:MI:SS,FF'),'Royal Hotel',null,null,'Conference Center',35,null,null,4,'N');
Insert into XDM_TASKS (TASK_ID,ELEM_KEY,PROG_ID,START_DATE,START_WHERE,TEXT,END_DATE,END_WHERE,PAX,REMARKS,FLIGHT_NO,PERS_ID,CXL_YN) values (4921,'16SCIBC',166,to_timestamp('11-10-23 11:30:00,000000000','RR-MM-DD HH24:MI:SS,FF'),'Scandic Hotel',null,null,'Conference Center',13,null,null,1,'N');
Insert into XDM_TASKS (TASK_ID,ELEM_KEY,PROG_ID,START_DATE,START_WHERE,TEXT,END_DATE,END_WHERE,PAX,REMARKS,FLIGHT_NO,PERS_ID,CXL_YN) values (4924,'SEDTRA',165,to_timestamp('11-10-23 11:30:00,000000000','RR-MM-DD HH24:MI:SS,FF'),'Airport','gfygpNCxulyydBTw',null,'Island Hotel',2,null,'VX 847',4,'N');
Insert into XDM_TASKS (TASK_ID,ELEM_KEY,PROG_ID,START_DATE,START_WHERE,TEXT,END_DATE,END_WHERE,PAX,REMARKS,FLIGHT_NO,PERS_ID,CXL_YN) values (4926,'SEDAPT',166,to_timestamp('11-10-23 12:15:00,000000000','RR-MM-DD HH24:MI:SS,FF'),'Airport','ATfzECsqqhBgRrSzGTlkZ',null,'Hilton',1,null,'UJ 150',1,'N');
Insert into XDM_TASKS (TASK_ID,ELEM_KEY,PROG_ID,START_DATE,START_WHERE,TEXT,END_DATE,END_WHERE,PAX,REMARKS,FLIGHT_NO,PERS_ID,CXL_YN) values (4927,'SEDTRA',167,to_timestamp('12-10-22 13:05:00,000000000','RR-MM-DD HH24:MI:SS,FF'),'Airport','eXEdGcWriN',null,'Royal Hotel',1,null,'RO 119',3,'N');
Insert into XDM_TASKS (TASK_ID,ELEM_KEY,PROG_ID,START_DATE,START_WHERE,TEXT,END_DATE,END_WHERE,PAX,REMARKS,FLIGHT_NO,PERS_ID,CXL_YN) values (4928,'SEDAPT',166,to_timestamp('11-10-23 13:05:00,000000000','RR-MM-DD HH24:MI:SS,FF'),'Airport','ZHRJyzNdWMAMGEVxAFkjDgqBeaH',null,'Scandic Hotel',2,null,'VK 534',3,'N');
Insert into XDM_TASKS (TASK_ID,ELEM_KEY,PROG_ID,START_DATE,START_WHERE,TEXT,END_DATE,END_WHERE,PAX,REMARKS,FLIGHT_NO,PERS_ID,CXL_YN) values (4929,'SEDAPT',166,to_timestamp('11-10-23 13:15:00,000000000','RR-MM-DD HH24:MI:SS,FF'),'Airport','VvlGPxzKeQFvWTTyreAUFirLZXZPDhZe',null,'Scandic Hotel',2,null,'SJ 125',4,'N');
Insert into XDM_TASKS (TASK_ID,ELEM_KEY,PROG_ID,START_DATE,START_WHERE,TEXT,END_DATE,END_WHERE,PAX,REMARKS,FLIGHT_NO,PERS_ID,CXL_YN) values (4930,'SEDAPT',166,to_timestamp('11-10-23 13:30:00,000000000','RR-MM-DD HH24:MI:SS,FF'),'Airport','tkUsUMLrXJQTTZiah',null,'Scandic Hotel',1,null,'IZ 892',1,'N');
Insert into XDM_TASKS (TASK_ID,ELEM_KEY,PROG_ID,START_DATE,START_WHERE,TEXT,END_DATE,END_WHERE,PAX,REMARKS,FLIGHT_NO,PERS_ID,CXL_YN) values (4931,'SEDAPT',1421,to_timestamp('11-10-23 14:05:00,000000000','RR-MM-DD HH24:MI:SS,FF'),'Airport','gLHMRSuTLWSfZpYBZnrf',null,'Scandic Hotel',1,null,'AW 588',2,'N');
Insert into XDM_TASKS (TASK_ID,ELEM_KEY,PROG_ID,START_DATE,START_WHERE,TEXT,END_DATE,END_WHERE,PAX,REMARKS,FLIGHT_NO,PERS_ID,CXL_YN) values (4932,'6VANAPT',166,to_timestamp('11-10-23 14:10:00,000000000','RR-MM-DD HH24:MI:SS,FF'),'Airport','fpOnRnZHZlGEkXQzsZNwqLAlAPZiE',null,'Scandic Hotel',2,null,'QE 167',3,'N');
Insert into XDM_TASKS (TASK_ID,ELEM_KEY,PROG_ID,START_DATE,START_WHERE,TEXT,END_DATE,END_WHERE,PAX,REMARKS,FLIGHT_NO,PERS_ID,CXL_YN) values (4934,'SEDTRA',165,to_timestamp('11-10-23 14:45:00,000000000','RR-MM-DD HH24:MI:SS,FF'),'Airport','RfFoWWyZLxbbBjEkqxblrkufDPCWyD',null,'Island Hotel',2,null,'OX 636',1,'N');
Insert into XDM_TASKS (TASK_ID,ELEM_KEY,PROG_ID,START_DATE,START_WHERE,TEXT,END_DATE,END_WHERE,PAX,REMARKS,FLIGHT_NO,PERS_ID,CXL_YN) values (4935,'6VANAPT',166,to_timestamp('11-10-23 15:55:00,000000000','RR-MM-DD HH24:MI:SS,FF'),'Airport','BQjddsTxGgogdZfyUVPqXpAtWUvHKVZApvbETVgLRedELWjOASGZL',null,'Scandic Hotel',2,null,'GC 874',4,'N');
Insert into XDM_TASKS (TASK_ID,ELEM_KEY,PROG_ID,START_DATE,START_WHERE,TEXT,END_DATE,END_WHERE,PAX,REMARKS,FLIGHT_NO,PERS_ID,CXL_YN) values (4936,'SEDTRA',165,to_timestamp('11-10-23 16:10:00,000000000','RR-MM-DD HH24:MI:SS,FF'),'Airport','zxYkf',null,'Island Hotel',1,null,'XV 217',3,'N');
Insert into XDM_TASKS (TASK_ID,ELEM_KEY,PROG_ID,START_DATE,START_WHERE,TEXT,END_DATE,END_WHERE,PAX,REMARKS,FLIGHT_NO,PERS_ID,CXL_YN) values (4937,'SEDTRA',165,to_timestamp('11-10-24 17:20:00,000000000','RR-MM-DD HH24:MI:SS,FF'),'Airport','loNtxwb',null,'Island Hotel',1,null,'JR 564',4,'N');
Insert into XDM_TASKS (TASK_ID,ELEM_KEY,PROG_ID,START_DATE,START_WHERE,TEXT,END_DATE,END_WHERE,PAX,REMARKS,FLIGHT_NO,PERS_ID,CXL_YN) values (4940,'16SD3',166,to_timestamp('11-10-23 18:00:00,000000000','RR-MM-DD HH24:MI:SS,FF'),'Conference Center',null,to_timestamp('11-10-23 21:00:00,000000000','RR-MM-DD HH24:MI:SS,FF'),'The Lobster',null,null,null,2,'N');
Insert into XDM_TASKS (TASK_ID,ELEM_KEY,PROG_ID,START_DATE,START_WHERE,TEXT,END_DATE,END_WHERE,PAX,REMARKS,FLIGHT_NO,PERS_ID,CXL_YN) values (4955,'SEDAPT',166,to_timestamp('11-10-26 14:00:00,000000000','RR-MM-DD HH24:MI:SS,FF'),'Royal Hotel','IwYzODWckisrmA',null,'Airport',1,null,'YF 416',4,'N');
Insert into XDM_TASKS (TASK_ID,ELEM_KEY,PROG_ID,START_DATE,START_WHERE,TEXT,END_DATE,END_WHERE,PAX,REMARKS,FLIGHT_NO,PERS_ID,CXL_YN) values (4958,'SEDAPT',166,to_timestamp('11-10-26 15:00:00,000000000','RR-MM-DD HH24:MI:SS,FF'),'Scandic Hotel','JkDDPuNXtwHjahq',null,'Airport',1,null,'KW 163',3,'N');
Insert into XDM_TASKS (TASK_ID,ELEM_KEY,PROG_ID,START_DATE,START_WHERE,TEXT,END_DATE,END_WHERE,PAX,REMARKS,FLIGHT_NO,PERS_ID,CXL_YN) values (4835,'SEDAPT',166,to_timestamp('11-10-27 05:05:00,000000000','RR-MM-DD HH24:MI:SS,FF'),'Airport','qXoloyfPyxhLukCSSCjkzABErUo',null,'Hilton',2,null,'BV 105',4,'N');
Insert into XDM_TASKS (TASK_ID,ELEM_KEY,PROG_ID,START_DATE,START_WHERE,TEXT,END_DATE,END_WHERE,PAX,REMARKS,FLIGHT_NO,PERS_ID,CXL_YN) values (4836,'6VANAPT',166,to_timestamp('11-10-27 07:05:00,000000000','RR-MM-DD HH24:MI:SS,FF'),'Airport','AnvVeTLbjLEsebzOwsqcKarqUeGfisclbtAtSIIuFouwtBxhsqdORLeUSCAMLnNKEEmwkIIChkYEboX',null,'Hilton',5,null,'UW 568',4,'N');
Insert into XDM_TASKS (TASK_ID,ELEM_KEY,PROG_ID,START_DATE,START_WHERE,TEXT,END_DATE,END_WHERE,PAX,REMARKS,FLIGHT_NO,PERS_ID,CXL_YN) values (4837,'6VANAPT',166,to_timestamp('11-10-27 08:10:00,000000000','RR-MM-DD HH24:MI:SS,FF'),'Airport','NVkuADGGtwBGdwWFKthseJGkZbCTtACinmvNOtUEBGtZgeONa',null,'Hilton',3,null,'IL 566',3,'N');
Insert into XDM_TASKS (TASK_ID,ELEM_KEY,PROG_ID,START_DATE,START_WHERE,TEXT,END_DATE,END_WHERE,PAX,REMARKS,FLIGHT_NO,PERS_ID,CXL_YN) values (4838,'SEDAPT',166,to_timestamp('11-10-27 08:15:00,000000000','RR-MM-DD HH24:MI:SS,FF'),'Airport','SRilvImxmOtDIohixUspqKLzaS',null,'Hilton',1,null,'HQ 735',2,'N');
Insert into XDM_TASKS (TASK_ID,ELEM_KEY,PROG_ID,START_DATE,START_WHERE,TEXT,END_DATE,END_WHERE,PAX,REMARKS,FLIGHT_NO,PERS_ID,CXL_YN) values (4839,'SEDAPT',166,to_timestamp('11-10-27 08:55:00,000000000','RR-MM-DD HH24:MI:SS,FF'),'Airport','KnVxAuTCevKVlZ',null,'Scandic Hotel',1,null,'ZJ 831',4,'N');
Insert into XDM_TASKS (TASK_ID,ELEM_KEY,PROG_ID,START_DATE,START_WHERE,TEXT,END_DATE,END_WHERE,PAX,REMARKS,FLIGHT_NO,PERS_ID,CXL_YN) values (4840,'SEDAPT',166,to_timestamp('11-10-27 10:20:00,000000000','RR-MM-DD HH24:MI:SS,FF'),'Airport','JHSCImjDNSWUYYatjtZQFnrGQYyTJTIGbL',null,'Hilton',2,null,'LB 496',4,'N');
Insert into XDM_TASKS (TASK_ID,ELEM_KEY,PROG_ID,START_DATE,START_WHERE,TEXT,END_DATE,END_WHERE,PAX,REMARKS,FLIGHT_NO,PERS_ID,CXL_YN) values (4842,'SEDAPT',166,to_timestamp('11-10-27 11:10:00,000000000','RR-MM-DD HH24:MI:SS,FF'),'Airport','DvELQIdfZfRV',null,'Hilton',1,null,'XP 452',3,'N');
Insert into XDM_TASKS (TASK_ID,ELEM_KEY,PROG_ID,START_DATE,START_WHERE,TEXT,END_DATE,END_WHERE,PAX,REMARKS,FLIGHT_NO,PERS_ID,CXL_YN) values (4844,'SEDAPT',166,to_timestamp('11-10-27 13:10:00,000000000','RR-MM-DD HH24:MI:SS,FF'),'Airport','JLcKjSwngH',null,'Scandic Hotel',1,null,'DE 183',1,'N');
Insert into XDM_TASKS (TASK_ID,ELEM_KEY,PROG_ID,START_DATE,START_WHERE,TEXT,END_DATE,END_WHERE,PAX,REMARKS,FLIGHT_NO,PERS_ID,CXL_YN) values (4845,'SEDAPT',166,to_timestamp('11-10-27 15:30:00,000000000','RR-MM-DD HH24:MI:SS,FF'),'Airport','cNSBnNdNubOpDUW',null,'Hilton',1,null,'AR 598',4,'N');
Insert into XDM_TASKS (TASK_ID,ELEM_KEY,PROG_ID,START_DATE,START_WHERE,TEXT,END_DATE,END_WHERE,PAX,REMARKS,FLIGHT_NO,PERS_ID,CXL_YN) values (4847,'SEDAPT',166,to_timestamp('11-10-27 17:50:00,000000000','RR-MM-DD HH24:MI:SS,FF'),'Airport','qvFclWGqKhU',null,'Hilton',1,null,'JS 837',2,'N');
Insert into XDM_TASKS (TASK_ID,ELEM_KEY,PROG_ID,START_DATE,START_WHERE,TEXT,END_DATE,END_WHERE,PAX,REMARKS,FLIGHT_NO,PERS_ID,CXL_YN) values (4849,'SEDCIBC',166,to_timestamp('11-10-24 12:30:00,000000000','RR-MM-DD HH24:MI:SS,FF'),'Scandic Hotel','PESDCSDZTWNlwtfE',null,'Conference Center',2,null,null,2,'N');
Insert into XDM_TASKS (TASK_ID,ELEM_KEY,PROG_ID,START_DATE,START_WHERE,TEXT,END_DATE,END_WHERE,PAX,REMARKS,FLIGHT_NO,PERS_ID,CXL_YN) values (4850,'SEDAPT',166,to_timestamp('11-10-25 16:05:00,000000000','RR-MM-DD HH24:MI:SS,FF'),'Royal Hotel','putKmHVSXHgZFIILKu',null,'Airport',1,null,'YC 723',4,'N');
Insert into XDM_TASKS (TASK_ID,ELEM_KEY,PROG_ID,START_DATE,START_WHERE,TEXT,END_DATE,END_WHERE,PAX,REMARKS,FLIGHT_NO,PERS_ID,CXL_YN) values (4853,'SEDAPTE',166,to_timestamp('11-10-26 15:00:00,000000000','RR-MM-DD HH24:MI:SS,FF'),'Hilton','KWnPFfREZxmG',null,'Airport',1,null,null,3,'N');
Insert into XDM_TASKS (TASK_ID,ELEM_KEY,PROG_ID,START_DATE,START_WHERE,TEXT,END_DATE,END_WHERE,PAX,REMARKS,FLIGHT_NO,PERS_ID,CXL_YN) values (4854,'SEDAPT',166,to_timestamp('11-10-24 15:25:00,000000000','RR-MM-DD HH24:MI:SS,FF'),'Scandic Hotel','nggSARGtyVu',null,'Airport',1,null,'DO 750',1,'N');
Insert into XDM_TASKS (TASK_ID,ELEM_KEY,PROG_ID,START_DATE,START_WHERE,TEXT,END_DATE,END_WHERE,PAX,REMARKS,FLIGHT_NO,PERS_ID,CXL_YN) values (4855,'SEDAPT',166,to_timestamp('11-10-24 15:35:00,000000000','RR-MM-DD HH24:MI:SS,FF'),'Scandic Hotel','RiAGUeIYVlxupBadLYxEYSsSdZhFjz',null,'Airport',2,null,'OX 274',2,'N');
Insert into XDM_TASKS (TASK_ID,ELEM_KEY,PROG_ID,START_DATE,START_WHERE,TEXT,END_DATE,END_WHERE,PAX,REMARKS,FLIGHT_NO,PERS_ID,CXL_YN) values (4856,'SEDAPT',166,to_timestamp('11-10-24 16:05:00,000000000','RR-MM-DD HH24:MI:SS,FF'),'Scandic Hotel','LTtWtkjopZKvgwpG',null,'Airport',1,null,'YU 766',4,'N');
Insert into XDM_TASKS (TASK_ID,ELEM_KEY,PROG_ID,START_DATE,START_WHERE,TEXT,END_DATE,END_WHERE,PAX,REMARKS,FLIGHT_NO,PERS_ID,CXL_YN) values (4857,'SEDAPT',166,to_timestamp('11-10-24 16:05:00,000000000','RR-MM-DD HH24:MI:SS,FF'),'Conference Center','KeYPLRROMuHiMEdT',null,'Airport',1,null,'YW 808',2,'N');
Insert into XDM_TASKS (TASK_ID,ELEM_KEY,PROG_ID,START_DATE,START_WHERE,TEXT,END_DATE,END_WHERE,PAX,REMARKS,FLIGHT_NO,PERS_ID,CXL_YN) values (4858,'6VANAPT',166,to_timestamp('11-10-24 16:05:00,000000000','RR-MM-DD HH24:MI:SS,FF'),'Scandic Hotel','sOIreYpPCVTeANZDwBptXBNYOAFGoMIinSmKUfVNzstMfqRJwwbjGrsH',null,'Airport',3,null,'TN 136',1,'N');
Insert into XDM_TASKS (TASK_ID,ELEM_KEY,PROG_ID,START_DATE,START_WHERE,TEXT,END_DATE,END_WHERE,PAX,REMARKS,FLIGHT_NO,PERS_ID,CXL_YN) values (4859,'SEDAPT',166,to_timestamp('11-10-24 18:20:00,000000000','RR-MM-DD HH24:MI:SS,FF'),'Scandic Hotel','PNySlyxpnGoVtvQwtiFCsfhLxgqu',null,'Airport',2,null,'EB 533',3,'N');
Insert into XDM_TASKS (TASK_ID,ELEM_KEY,PROG_ID,START_DATE,START_WHERE,TEXT,END_DATE,END_WHERE,PAX,REMARKS,FLIGHT_NO,PERS_ID,CXL_YN) values (4861,'SEDAPT',166,to_timestamp('11-10-25 07:20:00,000000000','RR-MM-DD HH24:MI:SS,FF'),'Scandic Hotel','mhGqfhmyWZSMuoNoynsTrRbW',null,'Airport',1,null,'OE 638',2,'N');
Insert into XDM_TASKS (TASK_ID,ELEM_KEY,PROG_ID,START_DATE,START_WHERE,TEXT,END_DATE,END_WHERE,PAX,REMARKS,FLIGHT_NO,PERS_ID,CXL_YN) values (4862,'SEDAPT',166,to_timestamp('11-10-25 06:45:00,000000000','RR-MM-DD HH24:MI:SS,FF'),'Scandic Hotel','OTksQnaeNnCdOc',null,'Airport',1,null,'IH 577',2,'N');
Insert into XDM_TASKS (TASK_ID,ELEM_KEY,PROG_ID,START_DATE,START_WHERE,TEXT,END_DATE,END_WHERE,PAX,REMARKS,FLIGHT_NO,PERS_ID,CXL_YN) values (4863,'SEDAPT',166,to_timestamp('11-10-25 07:05:00,000000000','RR-MM-DD HH24:MI:SS,FF'),'Radisson','taaIPZZqucHu',null,'Airport',1,null,'FV 158',4,'N');
Insert into XDM_TASKS (TASK_ID,ELEM_KEY,PROG_ID,START_DATE,START_WHERE,TEXT,END_DATE,END_WHERE,PAX,REMARKS,FLIGHT_NO,PERS_ID,CXL_YN) values (4865,'49STRA',165,to_timestamp('11-10-23 20:00:00,000000000','RR-MM-DD HH24:MI:SS,FF'),'Island Hotel',null,null,'The Brewery',45,null,null,3,'N');
Insert into XDM_TASKS (TASK_ID,ELEM_KEY,PROG_ID,START_DATE,START_WHERE,TEXT,END_DATE,END_WHERE,PAX,REMARKS,FLIGHT_NO,PERS_ID,CXL_YN) values (4866,'49STRA',165,to_timestamp('11-10-23 20:00:00,000000000','RR-MM-DD HH24:MI:SS,FF'),'Island Hotel',null,null,'The Brewery',45,null,null,3,'N');
Insert into XDM_TASKS (TASK_ID,ELEM_KEY,PROG_ID,START_DATE,START_WHERE,TEXT,END_DATE,END_WHERE,PAX,REMARKS,FLIGHT_NO,PERS_ID,CXL_YN) values (4869,'SEDAPT',166,to_timestamp('11-10-23 20:35:00,000000000','RR-MM-DD HH24:MI:SS,FF'),'Airport','qDArANjvdBZFQltnii',null,'Hilton',1,null,'TP 301',3,'N');
Insert into XDM_TASKS (TASK_ID,ELEM_KEY,PROG_ID,START_DATE,START_WHERE,TEXT,END_DATE,END_WHERE,PAX,REMARKS,FLIGHT_NO,PERS_ID,CXL_YN) values (4870,'SEDTRA',165,to_timestamp('11-10-23 21:35:00,000000000','RR-MM-DD HH24:MI:SS,FF'),'Airport','dzBQlaHhrcJDXpIiRcVABfRrgYYtkVVRBU',null,'Island Hotel',3,null,'EO 641',4,'N');
Insert into XDM_TASKS (TASK_ID,ELEM_KEY,PROG_ID,START_DATE,START_WHERE,TEXT,END_DATE,END_WHERE,PAX,REMARKS,FLIGHT_NO,PERS_ID,CXL_YN) values (4871,'SEDAPT',166,to_timestamp('11-10-23 21:55:00,000000000','RR-MM-DD HH24:MI:SS,FF'),'Airport','VRGxlrTKRGlmkqill',null,'Hilton',1,null,'EM 556',2,'N');
Insert into XDM_TASKS (TASK_ID,ELEM_KEY,PROG_ID,START_DATE,START_WHERE,TEXT,END_DATE,END_WHERE,PAX,REMARKS,FLIGHT_NO,PERS_ID,CXL_YN) values (4874,'49STRA',165,to_timestamp('11-10-23 22:45:00,000000000','RR-MM-DD HH24:MI:SS,FF'),'The Brewery',null,null,'Island Hotel',45,null,null,3,'N');
Insert into XDM_TASKS (TASK_ID,ELEM_KEY,PROG_ID,START_DATE,START_WHERE,TEXT,END_DATE,END_WHERE,PAX,REMARKS,FLIGHT_NO,PERS_ID,CXL_YN) values (4875,'49STRA',165,to_timestamp('11-10-23 22:45:00,000000000','RR-MM-DD HH24:MI:SS,FF'),'The Brewery',null,null,'Island Hotel',45,null,null,4,'N');
Insert into XDM_TASKS (TASK_ID,ELEM_KEY,PROG_ID,START_DATE,START_WHERE,TEXT,END_DATE,END_WHERE,PAX,REMARKS,FLIGHT_NO,PERS_ID,CXL_YN) values (4879,'SEDTRA',165,to_timestamp('11-10-24 09:20:00,000000000','RR-MM-DD HH24:MI:SS,FF'),'Airport','ytxeVd',null,'Island Hotel',1,null,'PC 979',1,'N');
Insert into XDM_TASKS (TASK_ID,ELEM_KEY,PROG_ID,START_DATE,START_WHERE,TEXT,END_DATE,END_WHERE,PAX,REMARKS,FLIGHT_NO,PERS_ID,CXL_YN) values (4880,'SEDTRA',165,to_timestamp('11-10-24 10:10:00,000000000','RR-MM-DD HH24:MI:SS,FF'),'Airport','nuakmmG',null,'Island Hotel',1,null,'VY 568',2,'N');
Insert into XDM_TASKS (TASK_ID,ELEM_KEY,PROG_ID,START_DATE,START_WHERE,TEXT,END_DATE,END_WHERE,PAX,REMARKS,FLIGHT_NO,PERS_ID,CXL_YN) values (4881,'SEDTRA',165,to_timestamp('11-10-24 16:00:00,000000000','RR-MM-DD HH24:MI:SS,FF'),'Island Hotel','nSBiPJJpEWv',null,'Airport',1,null,'ID 337',1,'N');
Insert into XDM_TASKS (TASK_ID,ELEM_KEY,PROG_ID,START_DATE,START_WHERE,TEXT,END_DATE,END_WHERE,PAX,REMARKS,FLIGHT_NO,PERS_ID,CXL_YN) values (4888,'SEDAPT',166,to_timestamp('11-10-26 06:45:00,000000000','RR-MM-DD HH24:MI:SS,FF'),'Airport','ZijAaSXaSsKKg',null,'Hilton',1,null,'WC 239',4,'N');
Insert into XDM_TASKS (TASK_ID,ELEM_KEY,PROG_ID,START_DATE,START_WHERE,TEXT,END_DATE,END_WHERE,PAX,REMARKS,FLIGHT_NO,PERS_ID,CXL_YN) values (4890,'SEDAPT',166,to_timestamp('11-10-26 07:25:00,000000000','RR-MM-DD HH24:MI:SS,FF'),'Airport','rbbaWqZBKmPLaXHxI',null,'Hilton',1,null,'EC 623',2,'N');
Insert into XDM_TASKS (TASK_ID,ELEM_KEY,PROG_ID,START_DATE,START_WHERE,TEXT,END_DATE,END_WHERE,PAX,REMARKS,FLIGHT_NO,PERS_ID,CXL_YN) values (4893,'SEDAPT',166,to_timestamp('11-10-26 08:10:00,000000000','RR-MM-DD HH24:MI:SS,FF'),'Airport','AcKSheBUnwVpXXeTkbheUfgnOQkyOkuxzC',null,'Royal Hotel',2,null,'QY 242',3,'N');
Insert into XDM_TASKS (TASK_ID,ELEM_KEY,PROG_ID,START_DATE,START_WHERE,TEXT,END_DATE,END_WHERE,PAX,REMARKS,FLIGHT_NO,PERS_ID,CXL_YN) values (4894,'SEDAPT',166,to_timestamp('11-10-26 08:10:00,000000000','RR-MM-DD HH24:MI:SS,FF'),'Airport','IKcoUbqaEGuYKA',null,'Hilton',1,null,'WI 451',3,'N');
Insert into XDM_TASKS (TASK_ID,ELEM_KEY,PROG_ID,START_DATE,START_WHERE,TEXT,END_DATE,END_WHERE,PAX,REMARKS,FLIGHT_NO,PERS_ID,CXL_YN) values (4899,'6VANAPT',166,to_timestamp('11-10-26 08:55:00,000000000','RR-MM-DD HH24:MI:SS,FF'),'Airport','zquyGTXNGlZqdxetJjjLaGCvyknHtAnPGLGDRx',null,'Royal Hotel',3,null,'UI 551',2,'N');
Insert into XDM_TASKS (TASK_ID,ELEM_KEY,PROG_ID,START_DATE,START_WHERE,TEXT,END_DATE,END_WHERE,PAX,REMARKS,FLIGHT_NO,PERS_ID,CXL_YN) values (4900,'SEDAPT',1036,to_timestamp('11-10-25 10:00:00,000000000','RR-MM-DD HH24:MI:SS,FF'),'Scandic Hotel','haTPIudebLFrnhdKyxaiFAULcNxftvvLUdysFDkeGEba',null,'Airport',3,null,'KC 400',2,'N');
Insert into XDM_TASKS (TASK_ID,ELEM_KEY,PROG_ID,START_DATE,START_WHERE,TEXT,END_DATE,END_WHERE,PAX,REMARKS,FLIGHT_NO,PERS_ID,CXL_YN) values (4776,'SEDAPT',166,to_timestamp('11-10-26 08:10:00,000000000','RR-MM-DD HH24:MI:SS,FF'),'Royal Hotel','wpOueYSieExAzVswKwoWHyKGHIlLEIgurI',null,'Airport',2,null,'ID 406',1,'N');
Insert into XDM_TASKS (TASK_ID,ELEM_KEY,PROG_ID,START_DATE,START_WHERE,TEXT,END_DATE,END_WHERE,PAX,REMARKS,FLIGHT_NO,PERS_ID,CXL_YN) values (4778,'SEDAPT',166,to_timestamp('11-10-25 08:10:00,000000000','RR-MM-DD HH24:MI:SS,FF'),'Royal Hotel','tXOhQNRhIxrGQ',null,'Airport',1,null,'HI 669',3,'N');
Insert into XDM_TASKS (TASK_ID,ELEM_KEY,PROG_ID,START_DATE,START_WHERE,TEXT,END_DATE,END_WHERE,PAX,REMARKS,FLIGHT_NO,PERS_ID,CXL_YN) values (4779,'16SAPT',166,to_timestamp('11-10-25 08:25:00,000000000','RR-MM-DD HH24:MI:SS,FF'),'Scandic Hotel','rEcZNZMbGFgAYQroZcOCcMBnAWeIgjVZuZjPbPbNNMuwfZFmuwKaDIDsaGhtIiAAfQPAfTBnpIyHlHZvSoijrYSUgRIkxcNtcKxKtHakFJipPcnsvQdAHSVLhYlcvPgSTvSePzfXxRZHBGNbhmkFvjEKiino',null,'Airport',7,null,'AZ 117',4,'N');
Insert into XDM_TASKS (TASK_ID,ELEM_KEY,PROG_ID,START_DATE,START_WHERE,TEXT,END_DATE,END_WHERE,PAX,REMARKS,FLIGHT_NO,PERS_ID,CXL_YN) values (4780,'SEDAPT',166,to_timestamp('11-10-25 08:30:00,000000000','RR-MM-DD HH24:MI:SS,FF'),'Radisson','WGCYEAUecTQthD',null,'Airport',1,null,'AX 357',4,'N');
Insert into XDM_TASKS (TASK_ID,ELEM_KEY,PROG_ID,START_DATE,START_WHERE,TEXT,END_DATE,END_WHERE,PAX,REMARKS,FLIGHT_NO,PERS_ID,CXL_YN) values (4781,'6VANAPT',166,to_timestamp('11-10-25 10:10:00,000000000','RR-MM-DD HH24:MI:SS,FF'),'Scandic Hotel','HJYjmPLVhqykcBdFTmGivCRumeZeUPprOTSqZtEUfVrfaiFoQjCLvzxtoyNHeANwKRbCviZzHxN',null,'Airport',5,null,'WF 460',4,'N');
Insert into XDM_TASKS (TASK_ID,ELEM_KEY,PROG_ID,START_DATE,START_WHERE,TEXT,END_DATE,END_WHERE,PAX,REMARKS,FLIGHT_NO,PERS_ID,CXL_YN) values (4783,'6VANAPT',166,to_timestamp('11-10-25 10:10:00,000000000','RR-MM-DD HH24:MI:SS,FF'),'Hilton','lEgrliQOZvttgpBChqwBalIYWqgjuRVjXUHWdCwDepxeTEAjHlXzpwCIvNagzmyxPAQJsy',null,'Airport',5,null,'QJ 573',1,'N');
Insert into XDM_TASKS (TASK_ID,ELEM_KEY,PROG_ID,START_DATE,START_WHERE,TEXT,END_DATE,END_WHERE,PAX,REMARKS,FLIGHT_NO,PERS_ID,CXL_YN) values (4786,'6VANAPT',166,to_timestamp('11-10-25 11:15:00,000000000','RR-MM-DD HH24:MI:SS,FF'),'Scandic Hotel','RqZhZsvMBJoVyZUMEhYlhgtUIvanbfdYwvpsxpbDbxcZqnvjYXcBWsFamzUBXZkxFeOvPvQgeBKYUpDhTC',null,'Airport',5,null,'JA 885',1,'N');
Insert into XDM_TASKS (TASK_ID,ELEM_KEY,PROG_ID,START_DATE,START_WHERE,TEXT,END_DATE,END_WHERE,PAX,REMARKS,FLIGHT_NO,PERS_ID,CXL_YN) values (4787,'SEDAPT',166,to_timestamp('11-10-25 12:15:00,000000000','RR-MM-DD HH24:MI:SS,FF'),'Radisson','pyYiyiuKtVPM',null,'Airport',1,null,'ZY 814',3,'N');
Insert into XDM_TASKS (TASK_ID,ELEM_KEY,PROG_ID,START_DATE,START_WHERE,TEXT,END_DATE,END_WHERE,PAX,REMARKS,FLIGHT_NO,PERS_ID,CXL_YN) values (4790,'6VANAPT',166,to_timestamp('11-10-25 13:10:00,000000000','RR-MM-DD HH24:MI:SS,FF'),'Scandic Hotel','QeHROGsgeDBTkrqPoHrGnxUtSXvghQzmkqddJRTEukcsxs',null,'Airport',4,null,'AA 277',1,'N');
Insert into XDM_TASKS (TASK_ID,ELEM_KEY,PROG_ID,START_DATE,START_WHERE,TEXT,END_DATE,END_WHERE,PAX,REMARKS,FLIGHT_NO,PERS_ID,CXL_YN) values (4792,'SEDAPT',166,to_timestamp('11-10-25 13:40:00,000000000','RR-MM-DD HH24:MI:SS,FF'),'Royal Hotel','sSOufxuJKUjrTylq',null,'Airport',1,null,'IE 172',1,'N');
Insert into XDM_TASKS (TASK_ID,ELEM_KEY,PROG_ID,START_DATE,START_WHERE,TEXT,END_DATE,END_WHERE,PAX,REMARKS,FLIGHT_NO,PERS_ID,CXL_YN) values (4794,'6VANAPT',166,to_timestamp('11-10-25 13:45:00,000000000','RR-MM-DD HH24:MI:SS,FF'),'Scandic Hotel','lrtoFRqYDTckaLhYAcCZUdXwNYziwDMZwhroWPMAuYeNMWfXDUWJ',null,'Airport',3,null,'WQ 508',2,'N');
Insert into XDM_TASKS (TASK_ID,ELEM_KEY,PROG_ID,START_DATE,START_WHERE,TEXT,END_DATE,END_WHERE,PAX,REMARKS,FLIGHT_NO,PERS_ID,CXL_YN) values (4795,'SEDAPT',166,to_timestamp('11-10-25 14:25:00,000000000','RR-MM-DD HH24:MI:SS,FF'),'Radisson','CfozQsWBVDyAAT',null,'Airport',1,null,'XW 200',1,'N');
Insert into XDM_TASKS (TASK_ID,ELEM_KEY,PROG_ID,START_DATE,START_WHERE,TEXT,END_DATE,END_WHERE,PAX,REMARKS,FLIGHT_NO,PERS_ID,CXL_YN) values (4796,'SEDAPT',166,to_timestamp('11-10-25 15:40:00,000000000','RR-MM-DD HH24:MI:SS,FF'),'Radisson','ZxatZvAgngzDTQtV',null,'Airport',1,null,'EE 110',1,'N');
Insert into XDM_TASKS (TASK_ID,ELEM_KEY,PROG_ID,START_DATE,START_WHERE,TEXT,END_DATE,END_WHERE,PAX,REMARKS,FLIGHT_NO,PERS_ID,CXL_YN) values (4797,'SEDAPT',166,to_timestamp('11-10-25 15:40:00,000000000','RR-MM-DD HH24:MI:SS,FF'),'Scandic Hotel','rzjBYNaOqsSKBurDLmPFTDBJqCj',null,'Airport',2,null,'WM 226',2,'N');
Insert into XDM_TASKS (TASK_ID,ELEM_KEY,PROG_ID,START_DATE,START_WHERE,TEXT,END_DATE,END_WHERE,PAX,REMARKS,FLIGHT_NO,PERS_ID,CXL_YN) values (4800,'SEDAPT',166,to_timestamp('11-10-25 16:05:00,000000000','RR-MM-DD HH24:MI:SS,FF'),'Royal Hotel','SJoWocrwXgOVZTAgTfJvlIJSrvkDtvCWOLkPJHmQkpLR',null,'Airport',1,null,'OO 744',4,'N');
Insert into XDM_TASKS (TASK_ID,ELEM_KEY,PROG_ID,START_DATE,START_WHERE,TEXT,END_DATE,END_WHERE,PAX,REMARKS,FLIGHT_NO,PERS_ID,CXL_YN) values (4802,'SEDAPT',166,to_timestamp('11-10-25 17:25:00,000000000','RR-MM-DD HH24:MI:SS,FF'),'Radisson','AjhnVgTjKxiBGCcnw',null,'Airport',1,null,'IL 716',1,'N');
Insert into XDM_TASKS (TASK_ID,ELEM_KEY,PROG_ID,START_DATE,START_WHERE,TEXT,END_DATE,END_WHERE,PAX,REMARKS,FLIGHT_NO,PERS_ID,CXL_YN) values (4803,'SEDAPT',166,to_timestamp('11-10-25 18:10:00,000000000','RR-MM-DD HH24:MI:SS,FF'),'Radisson','AfmxnIRdUvBUpxY',null,'Airport',1,null,'AU 216',3,'N');
Insert into XDM_TASKS (TASK_ID,ELEM_KEY,PROG_ID,START_DATE,START_WHERE,TEXT,END_DATE,END_WHERE,PAX,REMARKS,FLIGHT_NO,PERS_ID,CXL_YN) values (4807,'SEDAPT',166,to_timestamp('11-10-26 05:00:00,000000000','RR-MM-DD HH24:MI:SS,FF'),'Radisson','dSHgwUQiqopJJdGCNsAGWWke',null,'Airport',2,null,'FI 170',2,'N');
Insert into XDM_TASKS (TASK_ID,ELEM_KEY,PROG_ID,START_DATE,START_WHERE,TEXT,END_DATE,END_WHERE,PAX,REMARKS,FLIGHT_NO,PERS_ID,CXL_YN) values (4808,'SEDAPT',166,to_timestamp('11-10-26 05:05:00,000000000','RR-MM-DD HH24:MI:SS,FF'),'Royal Hotel','vLtAHlFvfbaEJFrUrSyAzWKhGuXceobZdAgDFWd',null,'Airport',2,null,'DH 400',3,'N');
Insert into XDM_TASKS (TASK_ID,ELEM_KEY,PROG_ID,START_DATE,START_WHERE,TEXT,END_DATE,END_WHERE,PAX,REMARKS,FLIGHT_NO,PERS_ID,CXL_YN) values (4810,'SEDAPT',166,to_timestamp('11-10-26 05:50:00,000000000','RR-MM-DD HH24:MI:SS,FF'),'Radisson','LBGQclZgUJcGIPb',null,'Airport',1,null,'VI 256',3,'N');
Insert into XDM_TASKS (TASK_ID,ELEM_KEY,PROG_ID,START_DATE,START_WHERE,TEXT,END_DATE,END_WHERE,PAX,REMARKS,FLIGHT_NO,PERS_ID,CXL_YN) values (4811,'SEDAPT',166,to_timestamp('11-10-26 06:45:00,000000000','RR-MM-DD HH24:MI:SS,FF'),'Scandic Hotel','UqHiMTiUhmRudyXjmbjRJ',null,'Airport',1,null,'CW 585',3,'N');
Insert into XDM_TASKS (TASK_ID,ELEM_KEY,PROG_ID,START_DATE,START_WHERE,TEXT,END_DATE,END_WHERE,PAX,REMARKS,FLIGHT_NO,PERS_ID,CXL_YN) values (4812,'SEDAPT',166,to_timestamp('11-10-26 06:20:00,000000000','RR-MM-DD HH24:MI:SS,FF'),'Radisson','ofCxgsWWiKSNL',null,'Airport',1,null,'TT 173',2,'N');
Insert into XDM_TASKS (TASK_ID,ELEM_KEY,PROG_ID,START_DATE,START_WHERE,TEXT,END_DATE,END_WHERE,PAX,REMARKS,FLIGHT_NO,PERS_ID,CXL_YN) values (4813,'SEDAPT',166,to_timestamp('11-10-26 06:25:00,000000000','RR-MM-DD HH24:MI:SS,FF'),'Royal Hotel','tMZDNcyTBtbIIT',null,'Airport',1,null,'NW 611',4,'N');
Insert into XDM_TASKS (TASK_ID,ELEM_KEY,PROG_ID,START_DATE,START_WHERE,TEXT,END_DATE,END_WHERE,PAX,REMARKS,FLIGHT_NO,PERS_ID,CXL_YN) values (4814,'SEDAPT',166,to_timestamp('11-10-26 06:30:00,000000000','RR-MM-DD HH24:MI:SS,FF'),'Radisson','vttQxueSXzFjBsmuyKHCClLlul',null,'Airport',1,null,'ZN 884',1,'N');
Insert into XDM_TASKS (TASK_ID,ELEM_KEY,PROG_ID,START_DATE,START_WHERE,TEXT,END_DATE,END_WHERE,PAX,REMARKS,FLIGHT_NO,PERS_ID,CXL_YN) values (4816,'SEDAPT',166,to_timestamp('11-10-26 06:45:00,000000000','RR-MM-DD HH24:MI:SS,FF'),'Radisson','wbwAWweIwdtUE',null,'Airport',1,null,'RY 628',4,'N');
Insert into XDM_TASKS (TASK_ID,ELEM_KEY,PROG_ID,START_DATE,START_WHERE,TEXT,END_DATE,END_WHERE,PAX,REMARKS,FLIGHT_NO,PERS_ID,CXL_YN) values (4818,'SEDAPT',166,to_timestamp('11-10-26 07:25:00,000000000','RR-MM-DD HH24:MI:SS,FF'),'Radisson','GnMaceCmOYMPlscvA',null,'Airport',1,null,'PI 452',3,'N');
Insert into XDM_TASKS (TASK_ID,ELEM_KEY,PROG_ID,START_DATE,START_WHERE,TEXT,END_DATE,END_WHERE,PAX,REMARKS,FLIGHT_NO,PERS_ID,CXL_YN) values (4822,'6VANAPT',166,to_timestamp('11-10-26 15:40:00,000000000','RR-MM-DD HH24:MI:SS,FF'),'Airport','ntAcHnGqqniyWdvJtkEHBmZlZkmNEDIyZfZXEoOdpMQjFbwgSksgHdkNdmpMrPpPT',null,'Hilton',4,null,'MB 823',2,'N');
Insert into XDM_TASKS (TASK_ID,ELEM_KEY,PROG_ID,START_DATE,START_WHERE,TEXT,END_DATE,END_WHERE,PAX,REMARKS,FLIGHT_NO,PERS_ID,CXL_YN) values (4826,'6VANAPT',166,to_timestamp('11-10-26 16:05:00,000000000','RR-MM-DD HH24:MI:SS,FF'),'Airport','lEyhXxXmmmywDlcfZQMOYQZgRIDWeQKsjKRoSdUzKeKKqgztnfaOArZDNBECOieVxPkWPwekuXYOwYZEneleIkvwMVqgLyUItvhFd',null,'Royal Hotel',6,null,'IN 561',2,'N');
Insert into XDM_TASKS (TASK_ID,ELEM_KEY,PROG_ID,START_DATE,START_WHERE,TEXT,END_DATE,END_WHERE,PAX,REMARKS,FLIGHT_NO,PERS_ID,CXL_YN) values (4827,'6VANAPT',166,to_timestamp('11-10-26 16:05:00,000000000','RR-MM-DD HH24:MI:SS,FF'),'Airport','ddiCzcxQzHBgphWTZSJkaDbvzsoSFUZBCmqeNcZjCxsKXDfXnSeVkgYcVWVFwXSBt',null,'Hilton',4,null,'EZ 948',3,'N');
Insert into XDM_TASKS (TASK_ID,ELEM_KEY,PROG_ID,START_DATE,START_WHERE,TEXT,END_DATE,END_WHERE,PAX,REMARKS,FLIGHT_NO,PERS_ID,CXL_YN) values (4829,'SEDAPT',166,to_timestamp('11-10-26 16:15:00,000000000','RR-MM-DD HH24:MI:SS,FF'),'Airport','IinpuFzVf',null,'Hilton',1,null,'US 289',1,'N');
Insert into XDM_TASKS (TASK_ID,ELEM_KEY,PROG_ID,START_DATE,START_WHERE,TEXT,END_DATE,END_WHERE,PAX,REMARKS,FLIGHT_NO,PERS_ID,CXL_YN) values (4830,'6VANAPT',166,to_timestamp('11-10-26 17:05:00,000000000','RR-MM-DD HH24:MI:SS,FF'),'Airport','IUoMxtxcpmXWKbkzybKHMkRelLrfBZZWdbBUADmUtMoBGeHgPABRjnJufgryTWySOYqLeWTsozI',null,'Royal Hotel',5,null,'HH 142',4,'N');
Insert into XDM_TASKS (TASK_ID,ELEM_KEY,PROG_ID,START_DATE,START_WHERE,TEXT,END_DATE,END_WHERE,PAX,REMARKS,FLIGHT_NO,PERS_ID,CXL_YN) values (4832,'6VANAPT',166,to_timestamp('11-10-26 17:25:00,000000000','RR-MM-DD HH24:MI:SS,FF'),'Airport','lDCWcREFGyulltOlrPxPoRreSHjjbmNRgWjXomPqneKhdVAtbDltGVVDKlFDDSXn',null,'Hilton',4,null,'OP 330',4,'N');
Insert into XDM_TASKS (TASK_ID,ELEM_KEY,PROG_ID,START_DATE,START_WHERE,TEXT,END_DATE,END_WHERE,PAX,REMARKS,FLIGHT_NO,PERS_ID,CXL_YN) values (4833,'SEDAPT',166,to_timestamp('11-10-26 18:15:00,000000000','RR-MM-DD HH24:MI:SS,FF'),'Airport','UdJZfdbeuHxRnsY',null,'Hilton',1,null,'FB 476',3,'N');

---------------------------------------------------
--   END DATA FOR TABLE XDM_TASKS
---------------------------------------------------
COMMIT;

--------------------------------------------------------
--  DDL for Trigger XDM_PERSON_BIR
--------------------------------------------------------

  CREATE OR REPLACE TRIGGER "XDM_PERSON_BIR" before insert on XDM_PERSONS    for each row begin     if inserting then       if :NEW.PERS_ID is null then          select XDM_SEQ.nextval into :NEW.PERS_ID from dual;       end if;    end if; end;
/
ALTER TRIGGER "XDM_PERSON_BIR" ENABLE;
--------------------------------------------------------
--  DDL for Trigger XDM_PROGRAMMES_BIR
--------------------------------------------------------

  CREATE OR REPLACE TRIGGER "XDM_PROGRAMMES_BIR" before insert on XDM_PROGRAMMES    for each row begin     if inserting then       if :NEW.PROG_ID is null then          select XDM_SEQ.nextval into :NEW.PROG_ID from dual;       end if;    end if; end;
/
ALTER TRIGGER "XDM_PROGRAMMES_BIR" ENABLE;
